Wm - mg.cm-2,Wr- mg.cm-2,W- mg.cm-2,Ws-mg.cm-2,Metal_Loss
"[1.00000000e-07 2.17148125e-03 3.07092249e-03 3.76108754e-03
 4.34292422e-03 4.85553224e-03 5.31896371e-03 5.74513439e-03
 6.14180363e-03 6.51436265e-03 6.86673959e-03 7.20189503e-03
 7.52213119e-03 7.82927967e-03 8.12482664e-03 8.40999291e-03
 8.68580142e-03 8.95311713e-03 9.21267947e-03 9.46512823e-03
 9.71101526e-03 9.95082817e-03 1.01849962e-02 1.04138995e-02
 1.06378783e-02 1.08572376e-02 1.10722529e-02 1.12831713e-02
 1.14902185e-02 1.16935998e-02 1.18935040e-02 1.20901029e-02
 1.22835559e-02 1.24740086e-02 1.26615973e-02 1.28464465e-02
 1.30286734e-02 1.32083862e-02 1.33856858e-02 1.35606667e-02
 1.37334195e-02 1.39040261e-02 1.40725646e-02 1.42391084e-02
 1.44037267e-02 1.45664847e-02 1.47274442e-02 1.48866634e-02
 1.50441976e-02 1.52000992e-02 1.53544180e-02 1.55072009e-02
 1.56584928e-02 1.58083367e-02 1.59567740e-02 1.61038432e-02
 1.62495812e-02 1.63940235e-02 1.65372045e-02 1.66791567e-02
 1.68199107e-02 1.69594964e-02 1.70979427e-02 1.72352772e-02
 1.73715259e-02 1.75067141e-02 1.76408664e-02 1.77740063e-02
 1.79061563e-02 1.80373380e-02 1.81675726e-02 1.82968802e-02
 1.84252805e-02 1.85527920e-02 1.86794332e-02 1.88052215e-02
 1.89301740e-02 1.90543069e-02 1.91776361e-02 1.93001772e-02
 1.94219452e-02 1.95429547e-02 1.96632198e-02 1.97827536e-02
 1.99015694e-02 2.00196799e-02 2.01370978e-02 2.02538351e-02
 2.03699035e-02 2.04853142e-02 2.06000783e-02 2.07142065e-02
 2.08277093e-02 2.09405970e-02 2.10528795e-02 2.11645663e-02
 2.12756668e-02 2.13861900e-02 2.14961450e-02 2.16055405e-02
 2.17143850e-02 2.18226865e-02 2.19304532e-02 2.20376929e-02
 2.21444132e-02 2.22506217e-02 2.23563257e-02 2.24615323e-02
 2.25662483e-02 2.26704807e-02 2.27742360e-02 2.28775207e-02
 2.29803413e-02 2.30827038e-02 2.31846143e-02 2.32860787e-02
 2.33871028e-02 2.34876923e-02 2.35878529e-02 2.36875901e-02
 2.37869092e-02 2.38858155e-02 2.39843139e-02 2.40824093e-02
 2.41801068e-02 2.42774110e-02 2.43743268e-02 2.44708587e-02
 2.45670115e-02 2.46627894e-02 2.47581969e-02 2.48532381e-02
 2.49479172e-02 2.50422383e-02 2.51362054e-02 2.52298226e-02
 2.53230937e-02 2.54160225e-02 2.55086129e-02 2.56008684e-02
 2.56927926e-02 2.57843891e-02 2.58756614e-02 2.59666127e-02
 2.60572467e-02 2.61475665e-02 2.62375754e-02 2.63272766e-02
 2.64166732e-02 2.65057683e-02 2.65945650e-02 2.66830661e-02
 2.67712746e-02 2.68591934e-02 2.69468254e-02 2.70341734e-02
 2.71212401e-02 2.72080281e-02 2.72945402e-02 2.73807789e-02
 2.74667469e-02 2.75524466e-02 2.76378806e-02 2.77230513e-02
 2.78079612e-02 2.78926126e-02 2.79770078e-02 2.80611491e-02
 2.81450389e-02 2.82286793e-02 2.83120726e-02 2.83952209e-02
 2.84781264e-02 2.85607913e-02 2.86432177e-02 2.87254075e-02
 2.88073630e-02 2.88890860e-02 2.89705786e-02 2.90518425e-02
 2.91328797e-02 2.92136921e-02 2.92942815e-02 2.93746498e-02
 2.94547989e-02 2.95347304e-02 2.96144461e-02 2.96939479e-02
 2.97732374e-02 2.98523164e-02 2.99311865e-02 3.00098494e-02
 3.00883065e-02 3.01665596e-02 3.02446101e-02 3.03224598e-02
 3.04001101e-02 3.04775625e-02 3.05548186e-02 3.06318799e-02
 3.07087478e-02 3.07854238e-02 3.08619094e-02 3.09382059e-02
 3.10143146e-02 3.10902371e-02 3.11659746e-02 3.12415284e-02
 3.13169000e-02 3.13920906e-02 3.14671015e-02 3.15419341e-02
 3.16165895e-02 3.16910691e-02 3.17653741e-02 3.18395057e-02
 3.19134651e-02 3.19872535e-02 3.20608720e-02 3.21343219e-02
 3.22076042e-02 3.22807202e-02 3.23536710e-02 3.24264576e-02
 3.24990813e-02 3.25715430e-02 3.26438438e-02 3.27159849e-02
 3.27879673e-02 3.28597920e-02 3.29314601e-02 3.30029725e-02
 3.30743303e-02 3.31455344e-02 3.32165859e-02 3.32874858e-02
 3.33582349e-02 3.34288344e-02 3.34992850e-02 3.35695878e-02
 3.36397437e-02 3.37097536e-02 3.37796183e-02 3.38493389e-02
 3.39189161e-02 3.39883508e-02 3.40576440e-02 3.41267964e-02
 3.41958090e-02 3.42646826e-02 3.43334179e-02 3.44020160e-02
 3.44704775e-02 3.45388034e-02 3.46069943e-02 3.46750512e-02
 3.47429749e-02 3.48107660e-02 3.48784254e-02 3.49459538e-02
 3.50133520e-02 3.50806207e-02 3.51477606e-02 3.52147725e-02
 3.52816571e-02 3.53484151e-02 3.54150473e-02 3.54815543e-02
 3.55479369e-02 3.56141958e-02 3.56803316e-02 3.57463451e-02
 3.58122369e-02 3.58780077e-02 3.59436581e-02 3.60091890e-02
 3.60746008e-02 3.61398942e-02 3.62050698e-02 3.62701283e-02
 3.63350703e-02 3.63998965e-02 3.64646074e-02 3.65292036e-02
 3.65936858e-02 3.66580546e-02 3.67223105e-02 3.67864542e-02
 3.68504863e-02 3.69144073e-02 3.69782178e-02 3.70419184e-02
 3.71055096e-02 3.71689921e-02 3.72323664e-02 3.72956329e-02
 3.73587923e-02 3.74218452e-02 3.74847919e-02 3.75476331e-02
 3.76103693e-02 3.76730010e-02 3.77355288e-02 3.77979531e-02
 3.78602745e-02 3.79224935e-02 3.79846105e-02 3.80466262e-02
 3.81085409e-02 3.81703552e-02 3.82320696e-02 3.82936846e-02
 3.83552005e-02 3.84166180e-02 3.84779374e-02 3.85391593e-02
 3.86002840e-02 3.86613121e-02 3.87222441e-02 3.87830802e-02
 3.88438211e-02 3.89044672e-02 3.89650189e-02 3.90254766e-02
 3.90858408e-02 3.91461119e-02 3.92062904e-02 3.92663766e-02
 3.93263711e-02 3.93862742e-02 3.94460863e-02 3.95058079e-02
 3.95654393e-02 3.96249809e-02 3.96844333e-02 3.97437967e-02
 3.98030715e-02 3.98622582e-02 3.99213572e-02 3.99803688e-02
 4.00392934e-02 4.00981314e-02 4.01568832e-02 4.02155492e-02
 4.02741298e-02 4.03326252e-02 4.03910360e-02 4.04493624e-02
 4.05076048e-02 4.05657636e-02 4.06238391e-02 4.06818317e-02
 4.07397418e-02 4.07975696e-02 4.08553155e-02 4.09129800e-02
 4.09705632e-02 4.10280657e-02 4.10854876e-02 4.11428294e-02
 4.12000914e-02 4.12572739e-02 4.13143773e-02 4.13714018e-02
 4.14283478e-02 4.14852157e-02 4.15420058e-02 4.15987183e-02
 4.16553536e-02 4.17119120e-02 4.17683939e-02 4.18247995e-02
 4.18811292e-02 4.19373833e-02 4.19935619e-02 4.20496656e-02
 4.21056944e-02 4.21616488e-02 4.22175290e-02 4.22733354e-02
 4.23290681e-02 4.23847276e-02 4.24403141e-02 4.24958278e-02
 4.25512692e-02 4.26066383e-02 4.26619357e-02 4.27171614e-02
 4.27723158e-02 4.28273992e-02 4.28824118e-02 4.29373540e-02
 4.29922259e-02 4.30470279e-02 4.31017603e-02 4.31564232e-02
 4.32110170e-02 4.32655420e-02 4.33199983e-02 4.33743862e-02
 4.34287061e-02 4.34829580e-02 4.35371424e-02 4.35912594e-02
 4.36453093e-02 4.36992923e-02 4.37532088e-02 4.38070588e-02
 4.38608428e-02 4.39145609e-02 4.39682133e-02 4.40218003e-02
 4.40753222e-02 4.41287792e-02 4.41821715e-02 4.42354994e-02
 4.42887630e-02 4.43419627e-02 4.43950986e-02 4.44481710e-02
 4.45011801e-02 4.45541262e-02 4.46070094e-02 4.46598300e-02
 4.47125883e-02 4.47652843e-02 4.48179184e-02 4.48704907e-02
 4.49230015e-02 4.49754510e-02 4.50278394e-02 4.50801669e-02
 4.51324338e-02 4.51846401e-02 4.52367863e-02 4.52888723e-02
 4.53408986e-02 4.53928652e-02 4.54447724e-02 4.54966203e-02
 4.55484093e-02 4.56001394e-02 4.56518109e-02 4.57034240e-02
 4.57549789e-02 4.58064758e-02 4.58579148e-02 4.59092962e-02
 4.59606202e-02 4.60118869e-02 4.60630966e-02 4.61142494e-02
 4.61653455e-02 4.62163852e-02 4.62673685e-02 4.63182957e-02
 4.63691669e-02 4.64199825e-02 4.64707424e-02 4.65214470e-02
 4.65720963e-02 4.66226906e-02 4.66732301e-02 4.67237149e-02
 4.67741452e-02 4.68245212e-02 4.68748431e-02 4.69251110e-02
 4.69753251e-02 4.70254856e-02 4.70755927e-02 4.71256465e-02
 4.71756472e-02 4.72255949e-02 4.72754899e-02 4.73253323e-02
 4.73751222e-02 4.74248599e-02 4.74745454e-02 4.75241790e-02
 4.75737608e-02 4.76232910e-02 4.76727698e-02 4.77221972e-02
 4.77715735e-02 4.78208988e-02 4.78701733e-02 4.79193971e-02
 4.79685704e-02 4.80176933e-02 4.80667661e-02 4.81157888e-02
 4.81647616e-02 4.82136846e-02 4.82625581e-02 4.83113821e-02
 4.83601569e-02 4.84088825e-02 4.84575591e-02 4.85061868e-02
 4.85547659e-02 4.86032964e-02 4.86517784e-02 4.87002122e-02
 4.87485979e-02 4.87969356e-02 4.88452255e-02 4.88934676e-02
 4.89416622e-02 4.89898094e-02 4.90379093e-02 4.90859620e-02
 4.91339678e-02 4.91819267e-02 4.92298388e-02 4.92777044e-02
 4.93255235e-02 4.93732964e-02 4.94210230e-02 4.94687036e-02
 4.95163382e-02 4.95639271e-02 4.96114703e-02 4.96589680e-02
 4.97064204e-02 4.97538275e-02 4.98011894e-02 4.98485064e-02
 4.98957785e-02 4.99430058e-02 4.99901886e-02 5.00373269e-02
 5.00844208e-02 5.01314705e-02 5.01784761e-02 5.02254377e-02
 5.02723555e-02 5.03192295e-02 5.03660598e-02 5.04128467e-02
 5.04595901e-02 5.05062904e-02 5.05529474e-02 5.05995614e-02
 5.06461326e-02 5.06926609e-02 5.07391466e-02 5.07855897e-02
 5.08319904e-02 5.08783487e-02 5.09246649e-02 5.09709389e-02
 5.10171710e-02 5.10633613e-02 5.11095097e-02 5.11556166e-02
 5.12016819e-02 5.12477058e-02 5.12936885e-02 5.13396299e-02
 5.13855303e-02 5.14313897e-02 5.14772083e-02 5.15229861e-02
 5.15687233e-02 5.16144200e-02 5.16600762e-02 5.17056922e-02
 5.17512679e-02 5.17968036e-02 5.18422992e-02 5.18877550e-02
 5.19331710e-02 5.19785473e-02 5.20238840e-02 5.20691812e-02
 5.21144391e-02 5.21596577e-02 5.22048371e-02 5.22499774e-02
 5.22950788e-02 5.23401413e-02 5.23851651e-02 5.24301502e-02
 5.24750967e-02 5.25200048e-02 5.25648744e-02 5.26097058e-02
 5.26544991e-02 5.26992543e-02 5.27439714e-02 5.27886507e-02
 5.28332923e-02 5.28778961e-02 5.29224624e-02 5.29669911e-02
 5.30114825e-02 5.30559365e-02 5.31003533e-02 5.31447330e-02
 5.31890757e-02 5.32333815e-02 5.32776504e-02 5.33218826e-02
 5.33660781e-02 5.34102370e-02 5.34543595e-02 5.34984456e-02
 5.35424953e-02 5.35865089e-02 5.36304863e-02 5.36744277e-02
 5.37183332e-02 5.37622028e-02 5.38060366e-02 5.38498348e-02
 5.38935973e-02 5.39373243e-02 5.39810160e-02 5.40246722e-02
 5.40682933e-02 5.41118791e-02 5.41554299e-02 5.41989457e-02
 5.42424266e-02 5.42858726e-02 5.43292840e-02 5.43726606e-02
 5.44160027e-02 5.44593102e-02 5.45025834e-02 5.45458222e-02
 5.45890268e-02 5.46321973e-02 5.46753336e-02 5.47184359e-02
 5.47615044e-02 5.48045389e-02 5.48475398e-02 5.48905069e-02
 5.49334404e-02 5.49763404e-02 5.50192070e-02 5.50620401e-02
 5.51048400e-02 5.51476067e-02 5.51903402e-02 5.52330406e-02
 5.52757081e-02 5.53183427e-02 5.53609444e-02 5.54035133e-02
 5.54460496e-02 5.54885533e-02 5.55310244e-02 5.55734631e-02
 5.56158694e-02 5.56582434e-02 5.57005851e-02 5.57428947e-02
 5.57851722e-02 5.58274177e-02 5.58696312e-02 5.59118129e-02
 5.59539627e-02 5.59960809e-02 5.60381673e-02 5.60802222e-02
 5.61222456e-02 5.61642376e-02 5.62061981e-02 5.62481274e-02
 5.62900254e-02 5.63318923e-02 5.63737281e-02 5.64155329e-02
 5.64573067e-02 5.64990496e-02 5.65407618e-02 5.65824431e-02
 5.66240938e-02 5.66657139e-02 5.67073034e-02 5.67488624e-02
 5.67903910e-02 5.68318893e-02 5.68733573e-02 5.69147951e-02
 5.69562027e-02 5.69975802e-02 5.70389278e-02 5.70802454e-02
 5.71215330e-02 5.71627909e-02 5.72040190e-02 5.72452174e-02
 5.72863862e-02 5.73275255e-02 5.73686352e-02 5.74097155e-02
 5.74507664e-02 5.74917880e-02 5.75327803e-02 5.75737435e-02
 5.76146775e-02 5.76555825e-02 5.76964585e-02 5.77373056e-02
 5.77781237e-02 5.78189131e-02 5.78596737e-02 5.79004056e-02
 5.79411089e-02 5.79817836e-02 5.80224298e-02 5.80630475e-02
 5.81036368e-02 5.81441978e-02 5.81847305e-02 5.82252350e-02
 5.82657113e-02 5.83061595e-02 5.83465797e-02 5.83869719e-02
 5.84273362e-02 5.84676726e-02 5.85079812e-02 5.85482620e-02
 5.85885151e-02 5.86287406e-02 5.86689386e-02 5.87091089e-02
 5.87492519e-02 5.87893674e-02 5.88294555e-02 5.88695164e-02
 5.89095500e-02 5.89495564e-02 5.89895357e-02 5.90294879e-02
 5.90694130e-02 5.91093112e-02 5.91491825e-02 5.91890270e-02
 5.92288446e-02 5.92686355e-02 5.93083997e-02 5.93481373e-02
 5.93878482e-02 5.94275327e-02 5.94671906e-02 5.95068221e-02
 5.95464273e-02 5.95860061e-02 5.96255587e-02 5.96650851e-02
 5.97045853e-02 5.97440594e-02 5.97835074e-02 5.98229294e-02
 5.98623255e-02 5.99016957e-02 5.99410400e-02 5.99803585e-02
 6.00196512e-02 6.00589182e-02 6.00981596e-02 6.01373754e-02
 6.01765656e-02 6.02157303e-02 6.02548695e-02 6.02939833e-02
 6.03330718e-02 6.03721349e-02 6.04111728e-02 6.04501855e-02
 6.04891730e-02 6.05281354e-02 6.05670728e-02 6.06059851e-02
 6.06448724e-02 6.06837349e-02 6.07225724e-02 6.07613851e-02
 6.08001731e-02 6.08389363e-02 6.08776748e-02 6.09163888e-02
 6.09550781e-02 6.09937428e-02 6.10323831e-02 6.10709989e-02
 6.11095904e-02 6.11481574e-02 6.11867002e-02 6.12252187e-02
 6.12637130e-02 6.13021831e-02 6.13406291e-02 6.13790510e-02
 6.14174489e-02 6.14558228e-02 6.14941727e-02 6.15324988e-02
 6.15708009e-02 6.16090793e-02 6.16473340e-02 6.16855649e-02
 6.17237721e-02 6.17619557e-02 6.18001157e-02 6.18382522e-02
 6.18763651e-02 6.19144546e-02 6.19525207e-02 6.19905633e-02
 6.20285827e-02 6.20665788e-02 6.21045516e-02 6.21425012e-02
 6.21804276e-02 6.22183310e-02 6.22562112e-02 6.22940684e-02
 6.23319027e-02 6.23697139e-02 6.24075023e-02 6.24452678e-02
 6.24830104e-02 6.25207303e-02 6.25584274e-02 6.25961019e-02
 6.26337536e-02 6.26713828e-02 6.27089893e-02 6.27465734e-02
 6.27841349e-02 6.28216740e-02 6.28591906e-02 6.28966849e-02
 6.29341568e-02 6.29716064e-02 6.30090338e-02 6.30464390e-02
 6.30838219e-02 6.31211828e-02 6.31585215e-02 6.31958382e-02
 6.32331329e-02 6.32704055e-02 6.33076563e-02 6.33448851e-02
 6.33820921e-02 6.34192772e-02 6.34564406e-02 6.34935822e-02
 6.35307021e-02 6.35678003e-02 6.36048769e-02 6.36419319e-02
 6.36789653e-02 6.37159772e-02 6.37529676e-02 6.37899366e-02
 6.38268841e-02 6.38638103e-02 6.39007151e-02 6.39375987e-02
 6.39744609e-02 6.40113020e-02 6.40481218e-02 6.40849205e-02
 6.41216981e-02 6.41584545e-02 6.41951900e-02 6.42319044e-02
 6.42685979e-02 6.43052704e-02 6.43419220e-02 6.43785527e-02
 6.44151626e-02 6.44517517e-02 6.44883201e-02 6.45248677e-02
 6.45613947e-02 6.45979009e-02 6.46343866e-02 6.46708517e-02
 6.47072962e-02 6.47437202e-02 6.47801238e-02 6.48165069e-02
 6.48528695e-02 6.48892118e-02 6.49255338e-02 6.49618355e-02
 6.49981168e-02 6.50343780e-02 6.50706189e-02 6.51068397e-02
 6.51430403e-02 6.51792208e-02 6.52153813e-02 6.52515217e-02
 6.52876421e-02 6.53237425e-02 6.53598231e-02 6.53958837e-02
 6.54319244e-02 6.54679453e-02 6.55039463e-02 6.55399276e-02
 6.55758892e-02 6.56118310e-02 6.56477532e-02 6.56836557e-02
 6.57195386e-02 6.57554019e-02 6.57912457e-02 6.58270700e-02
 6.58628747e-02 6.58986601e-02 6.59344259e-02 6.59701724e-02
 6.60058996e-02 6.60416074e-02 6.60772959e-02 6.61129652e-02
 6.61486152e-02 6.61842460e-02 6.62198576e-02 6.62554501e-02
 6.62910235e-02 6.63265778e-02 6.63621131e-02 6.63976293e-02
 6.64331265e-02 6.64686048e-02 6.65040642e-02 6.65395047e-02
 6.65749263e-02 6.66103291e-02 6.66457130e-02 6.66810782e-02
 6.67164246e-02 6.67517524e-02 6.67870614e-02 6.68223518e-02
 6.68576235e-02 6.68928767e-02 6.69281113e-02 6.69633273e-02
 6.69985249e-02 6.70337040e-02 6.70688646e-02 6.71040068e-02
 6.71391306e-02 6.71742360e-02 6.72093231e-02 6.72443919e-02
 6.72794424e-02 6.73144747e-02 6.73494887e-02 6.73844845e-02
 6.74194622e-02 6.74544217e-02 6.74893632e-02 6.75242865e-02
 6.75591918e-02 6.75940791e-02 6.76289483e-02 6.76637996e-02
 6.76986330e-02 6.77334484e-02 6.77682460e-02 6.78030257e-02
 6.78377876e-02 6.78725316e-02 6.79072579e-02 6.79419664e-02
 6.79766572e-02 6.80113304e-02 6.80459858e-02 6.80806236e-02
 6.81152438e-02 6.81498464e-02 6.81844315e-02 6.82189990e-02
 6.82535490e-02 6.82880815e-02 6.83225966e-02 6.83570942e-02
 6.83915745e-02 6.84260373e-02 6.84604829e-02 6.84949111e-02
 6.85293220e-02 6.85637156e-02 6.85980920e-02 6.86324512e-02]","[1.00000000e-07 3.17211777e-03 4.48604806e-03 5.49426152e-03
 6.34422571e-03 7.09305862e-03 7.77005298e-03 8.39261567e-03
 8.97208180e-03 9.51632700e-03 1.00310896e-02 1.05206946e-02
 1.09885050e-02 1.14371966e-02 1.18689403e-02 1.22855196e-02
 1.26884288e-02 1.30789315e-02 1.34581078e-02 1.38268924e-02
 1.41860914e-02 1.45364172e-02 1.48784967e-02 1.52128854e-02
 1.55400802e-02 1.58605268e-02 1.61746275e-02 1.64827433e-02
 1.67852039e-02 1.70823094e-02 1.73743354e-02 1.76615328e-02
 1.79441347e-02 1.82223536e-02 1.84963887e-02 1.87664219e-02
 1.90326243e-02 1.92951541e-02 1.95541585e-02 1.98097758e-02
 2.00621381e-02 2.03113653e-02 2.05575713e-02 2.08008635e-02
 2.10413426e-02 2.12791044e-02 2.15142387e-02 2.17468308e-02
 2.19769615e-02 2.22047072e-02 2.24301406e-02 2.26533303e-02
 2.28743420e-02 2.30932384e-02 2.33100799e-02 2.35249230e-02
 2.37378214e-02 2.39488270e-02 2.41579900e-02 2.43653579e-02
 2.45709755e-02 2.47748865e-02 2.49771329e-02 2.51777552e-02
 2.53767912e-02 2.55742782e-02 2.57702518e-02 2.59647466e-02
 2.61577951e-02 2.63494293e-02 2.65396798e-02 2.67285762e-02
 2.69161470e-02 2.71024197e-02 2.72874208e-02 2.74711761e-02
 2.76537104e-02 2.78350473e-02 2.80152103e-02 2.81942220e-02
 2.83721042e-02 2.85488786e-02 2.87245653e-02 2.88991838e-02
 2.90727534e-02 2.92452928e-02 2.94168203e-02 2.95873535e-02
 2.97569097e-02 2.99255051e-02 3.00931558e-02 3.02598776e-02
 3.04256859e-02 3.05905956e-02 3.07546213e-02 3.09177766e-02
 3.10800754e-02 3.12415311e-02 3.14021566e-02 3.15619647e-02
 3.17209679e-02 3.18791780e-02 3.20366067e-02 3.21932656e-02
 3.23491658e-02 3.25043183e-02 3.26587339e-02 3.28124227e-02
 3.29653950e-02 3.31176607e-02 3.32692295e-02 3.34201109e-02
 3.35703143e-02 3.37198484e-02 3.38687223e-02 3.40169444e-02
 3.41645234e-02 3.43114676e-02 3.44577851e-02 3.46034841e-02
 3.47485724e-02 3.48930577e-02 3.50369470e-02 3.51802477e-02
 3.53229670e-02 3.54651119e-02 3.56066894e-02 3.57477061e-02
 3.58881688e-02 3.60280841e-02 3.61674582e-02 3.63062971e-02
 3.64446071e-02 3.65823942e-02 3.67196642e-02 3.68564229e-02
 3.69926760e-02 3.71284292e-02 3.72636880e-02 3.73984575e-02
 3.75327432e-02 3.76665500e-02 3.77998832e-02 3.79327477e-02
 3.80651484e-02 3.81970902e-02 3.83285778e-02 3.84596160e-02
 3.85902093e-02 3.87203620e-02 3.88500788e-02 3.89793638e-02
 3.91082214e-02 3.92366558e-02 3.93646712e-02 3.94922717e-02
 3.96194613e-02 3.97462438e-02 3.98726232e-02 3.99986033e-02
 4.01241878e-02 4.02493805e-02 4.03741850e-02 4.04986049e-02
 4.06226437e-02 4.07463050e-02 4.08695920e-02 4.09925082e-02
 4.11150568e-02 4.12372412e-02 4.13590645e-02 4.14805301e-02
 4.16016409e-02 4.17224002e-02 4.18428111e-02 4.19628764e-02
 4.20825994e-02 4.22019828e-02 4.23210295e-02 4.24397423e-02
 4.25581238e-02 4.26761769e-02 4.27939044e-02 4.29113088e-02
 4.30283928e-02 4.31451591e-02 4.32616102e-02 4.33777488e-02
 4.34935773e-02 4.36090982e-02 4.37243140e-02 4.38392269e-02
 4.39538394e-02 4.40681538e-02 4.41821724e-02 4.42958975e-02
 4.44093313e-02 4.45224761e-02 4.46353341e-02 4.47479075e-02
 4.48601984e-02 4.49722090e-02 4.50839414e-02 4.51953975e-02
 4.53065795e-02 4.54174892e-02 4.55281288e-02 4.56385001e-02
 4.57486051e-02 4.58584457e-02 4.59680239e-02 4.60773415e-02
 4.61864004e-02 4.62952023e-02 4.64037492e-02 4.65120429e-02
 4.66200849e-02 4.67278772e-02 4.68354213e-02 4.69427191e-02
 4.70497721e-02 4.71565821e-02 4.72631507e-02 4.73694796e-02
 4.74755703e-02 4.75814245e-02 4.76870438e-02 4.77924296e-02
 4.78975836e-02 4.80025073e-02 4.81072021e-02 4.82116695e-02
 4.83159110e-02 4.84199282e-02 4.85237223e-02 4.86272949e-02
 4.87306473e-02 4.88337811e-02 4.89366975e-02 4.90393979e-02
 4.91418837e-02 4.92441562e-02 4.93462167e-02 4.94480665e-02
 4.95497069e-02 4.96511392e-02 4.97523647e-02 4.98533846e-02
 4.99542002e-02 5.00548128e-02 5.01552235e-02 5.02554335e-02
 5.03554441e-02 5.04552566e-02 5.05548719e-02 5.06542914e-02
 5.07535163e-02 5.08525476e-02 5.09513864e-02 5.10500340e-02
 5.11484912e-02 5.12467593e-02 5.13448392e-02 5.14427322e-02
 5.15404391e-02 5.16379612e-02 5.17352995e-02 5.18324549e-02
 5.19294286e-02 5.20262215e-02 5.21228347e-02 5.22192691e-02
 5.23155258e-02 5.24116057e-02 5.25075098e-02 5.26032392e-02
 5.26987947e-02 5.27941772e-02 5.28893877e-02 5.29844271e-02
 5.30792963e-02 5.31739963e-02 5.32685278e-02 5.33628919e-02
 5.34570894e-02 5.35511212e-02 5.36449882e-02 5.37386912e-02
 5.38322311e-02 5.39256088e-02 5.40188251e-02 5.41118808e-02
 5.42047767e-02 5.42975138e-02 5.43900928e-02 5.44825145e-02
 5.45747796e-02 5.46668890e-02 5.47588435e-02 5.48506437e-02
 5.49422906e-02 5.50337849e-02 5.51251273e-02 5.52163186e-02
 5.53073595e-02 5.53982509e-02 5.54889933e-02 5.55795876e-02
 5.56700344e-02 5.57603346e-02 5.58504888e-02 5.59404977e-02
 5.60303621e-02 5.61200825e-02 5.62096598e-02 5.62990944e-02
 5.63883873e-02 5.64775389e-02 5.65665501e-02 5.66554214e-02
 5.67441535e-02 5.68327470e-02 5.69212027e-02 5.70095211e-02
 5.70977029e-02 5.71857487e-02 5.72736592e-02 5.73614350e-02
 5.74490767e-02 5.75365849e-02 5.76239602e-02 5.77112032e-02
 5.77983145e-02 5.78852947e-02 5.79721445e-02 5.80588643e-02
 5.81454547e-02 5.82319164e-02 5.83182499e-02 5.84044558e-02
 5.84905346e-02 5.85764869e-02 5.86623133e-02 5.87480143e-02
 5.88335905e-02 5.89190424e-02 5.90043705e-02 5.90895755e-02
 5.91746577e-02 5.92596178e-02 5.93444562e-02 5.94291735e-02
 5.95137702e-02 5.95982468e-02 5.96826038e-02 5.97668417e-02
 5.98509611e-02 5.99349623e-02 6.00188460e-02 6.01026126e-02
 6.01862626e-02 6.02697965e-02 6.03532147e-02 6.04365178e-02
 6.05197063e-02 6.06027806e-02 6.06857411e-02 6.07685884e-02
 6.08513230e-02 6.09339452e-02 6.10164556e-02 6.10988546e-02
 6.11811427e-02 6.12633202e-02 6.13453877e-02 6.14273455e-02
 6.15091941e-02 6.15909340e-02 6.16725654e-02 6.17540890e-02
 6.18355051e-02 6.19168141e-02 6.19980164e-02 6.20791126e-02
 6.21601029e-02 6.22409878e-02 6.23217678e-02 6.24024431e-02
 6.24830143e-02 6.25634818e-02 6.26438458e-02 6.27241070e-02
 6.28042655e-02 6.28843219e-02 6.29642765e-02 6.30441298e-02
 6.31238820e-02 6.32035337e-02 6.32830851e-02 6.33625366e-02
 6.34418886e-02 6.35211415e-02 6.36002956e-02 6.36793513e-02
 6.37583090e-02 6.38371690e-02 6.39159317e-02 6.39945975e-02
 6.40731667e-02 6.41516396e-02 6.42300167e-02 6.43082982e-02
 6.43864846e-02 6.44645761e-02 6.45425731e-02 6.46204760e-02
 6.46982851e-02 6.47760008e-02 6.48536233e-02 6.49311530e-02
 6.50085903e-02 6.50859355e-02 6.51631889e-02 6.52403508e-02
 6.53174216e-02 6.53944015e-02 6.54712909e-02 6.55480901e-02
 6.56247995e-02 6.57014192e-02 6.57779497e-02 6.58543913e-02
 6.59307442e-02 6.60070089e-02 6.60831855e-02 6.61592743e-02
 6.62352758e-02 6.63111902e-02 6.63870177e-02 6.64627587e-02
 6.65384136e-02 6.66139825e-02 6.66894657e-02 6.67648637e-02
 6.68401766e-02 6.69154047e-02 6.69905484e-02 6.70656078e-02
 6.71405834e-02 6.72154754e-02 6.72902840e-02 6.73650095e-02
 6.74396522e-02 6.75142124e-02 6.75886904e-02 6.76630863e-02
 6.77374006e-02 6.78116334e-02 6.78857850e-02 6.79598557e-02
 6.80338457e-02 6.81077554e-02 6.81815850e-02 6.82553347e-02
 6.83290048e-02 6.84025955e-02 6.84761072e-02 6.85495401e-02
 6.86228943e-02 6.86961703e-02 6.87693681e-02 6.88424882e-02
 6.89155306e-02 6.89884958e-02 6.90613839e-02 6.91341951e-02
 6.92069297e-02 6.92795879e-02 6.93521700e-02 6.94246763e-02
 6.94971069e-02 6.95694620e-02 6.96417420e-02 6.97139471e-02
 6.97860774e-02 6.98581333e-02 6.99301149e-02 7.00020225e-02
 7.00738563e-02 7.01456165e-02 7.02173035e-02 7.02889173e-02
 7.03604582e-02 7.04319264e-02 7.05033222e-02 7.05746458e-02
 7.06458973e-02 7.07170771e-02 7.07881854e-02 7.08592222e-02
 7.09301879e-02 7.10010827e-02 7.10719068e-02 7.11426603e-02
 7.12133435e-02 7.12839566e-02 7.13544999e-02 7.14249734e-02
 7.14953775e-02 7.15657123e-02 7.16359781e-02 7.17061750e-02
 7.17763032e-02 7.18463629e-02 7.19163544e-02 7.19862779e-02
 7.20561335e-02 7.21259214e-02 7.21956419e-02 7.22652951e-02
 7.23348812e-02 7.24044004e-02 7.24738530e-02 7.25432390e-02
 7.26125588e-02 7.26818125e-02 7.27510002e-02 7.28201222e-02
 7.28891787e-02 7.29581698e-02 7.30270958e-02 7.30959568e-02
 7.31647530e-02 7.32334846e-02 7.33021518e-02 7.33707547e-02
 7.34392935e-02 7.35077684e-02 7.35761796e-02 7.36445272e-02
 7.37128114e-02 7.37810324e-02 7.38491905e-02 7.39172856e-02
 7.39853181e-02 7.40532881e-02 7.41211957e-02 7.41890412e-02
 7.42568246e-02 7.43245463e-02 7.43922063e-02 7.44598048e-02
 7.45273420e-02 7.45948181e-02 7.46622331e-02 7.47295874e-02
 7.47968810e-02 7.48641141e-02 7.49312869e-02 7.49983995e-02
 7.50654521e-02 7.51324449e-02 7.51993780e-02 7.52662516e-02
 7.53330658e-02 7.53998209e-02 7.54665169e-02 7.55331540e-02
 7.55997324e-02 7.56662522e-02 7.57327136e-02 7.57991167e-02
 7.58654618e-02 7.59317488e-02 7.59979780e-02 7.60641495e-02
 7.61302635e-02 7.61963202e-02 7.62623196e-02 7.63282620e-02
 7.63941474e-02 7.64599761e-02 7.65257481e-02 7.65914636e-02
 7.66571228e-02 7.67227258e-02 7.67882728e-02 7.68537638e-02
 7.69191991e-02 7.69845788e-02 7.70499030e-02 7.71151718e-02
 7.71803855e-02 7.72455441e-02 7.73106478e-02 7.73756967e-02
 7.74406910e-02 7.75056307e-02 7.75705161e-02 7.76353473e-02
 7.77001244e-02 7.77648476e-02 7.78295169e-02 7.78941326e-02
 7.79586947e-02 7.80232034e-02 7.80876588e-02 7.81520610e-02
 7.82164102e-02 7.82807065e-02 7.83449501e-02 7.84091410e-02
 7.84732793e-02 7.85373654e-02 7.86013991e-02 7.86653807e-02
 7.87293103e-02 7.87931881e-02 7.88570141e-02 7.89207885e-02
 7.89845114e-02 7.90481829e-02 7.91118032e-02 7.91753723e-02
 7.92388905e-02 7.93023577e-02 7.93657743e-02 7.94291401e-02
 7.94924555e-02 7.95557205e-02 7.96189352e-02 7.96820998e-02
 7.97452143e-02 7.98082790e-02 7.98712938e-02 7.99342590e-02
 7.99971746e-02 8.00600407e-02 8.01228576e-02 8.01856253e-02
 8.02483438e-02 8.03110134e-02 8.03736341e-02 8.04362061e-02
 8.04987294e-02 8.05612042e-02 8.06236306e-02 8.06860087e-02
 8.07483386e-02 8.08106204e-02 8.08728542e-02 8.09350402e-02
 8.09971785e-02 8.10592691e-02 8.11213122e-02 8.11833079e-02
 8.12452562e-02 8.13071574e-02 8.13690114e-02 8.14308185e-02
 8.14925787e-02 8.15542922e-02 8.16159589e-02 8.16775792e-02
 8.17391529e-02 8.18006803e-02 8.18621615e-02 8.19235965e-02
 8.19849855e-02 8.20463286e-02 8.21076258e-02 8.21688774e-02
 8.22300832e-02 8.22912436e-02 8.23523586e-02 8.24134282e-02
 8.24744527e-02 8.25354320e-02 8.25963663e-02 8.26572556e-02
 8.27181002e-02 8.27789000e-02 8.28396552e-02 8.29003658e-02
 8.29610321e-02 8.30216540e-02 8.30822316e-02 8.31427651e-02
 8.32032546e-02 8.32637002e-02 8.33241019e-02 8.33844598e-02
 8.34447741e-02 8.35050448e-02 8.35652720e-02 8.36254559e-02
 8.36855965e-02 8.37456939e-02 8.38057482e-02 8.38657595e-02
 8.39257278e-02 8.39856534e-02 8.40455362e-02 8.41053764e-02
 8.41651741e-02 8.42249293e-02 8.42846422e-02 8.43443127e-02
 8.44039411e-02 8.44635274e-02 8.45230717e-02 8.45825741e-02
 8.46420346e-02 8.47014534e-02 8.47608306e-02 8.48201661e-02
 8.48794602e-02 8.49387129e-02 8.49979243e-02 8.50570944e-02
 8.51162234e-02 8.51753114e-02 8.52343584e-02 8.52933645e-02
 8.53523298e-02 8.54112544e-02 8.54701384e-02 8.55289818e-02
 8.55877848e-02 8.56465474e-02 8.57052697e-02 8.57639518e-02
 8.58225937e-02 8.58811956e-02 8.59397576e-02 8.59982797e-02
 8.60567619e-02 8.61152045e-02 8.61736074e-02 8.62319707e-02
 8.62902946e-02 8.63485791e-02 8.64068243e-02 8.64650302e-02
 8.65231970e-02 8.65813247e-02 8.66394134e-02 8.66974632e-02
 8.67554741e-02 8.68134463e-02 8.68713798e-02 8.69292747e-02
 8.69871311e-02 8.70449491e-02 8.71027286e-02 8.71604699e-02
 8.72181730e-02 8.72758379e-02 8.73334647e-02 8.73910536e-02
 8.74486046e-02 8.75061177e-02 8.75635930e-02 8.76210306e-02
 8.76784306e-02 8.77357930e-02 8.77931179e-02 8.78504055e-02
 8.79076557e-02 8.79648686e-02 8.80220444e-02 8.80791830e-02
 8.81362846e-02 8.81933492e-02 8.82503769e-02 8.83073678e-02
 8.83643219e-02 8.84212393e-02 8.84781201e-02 8.85349644e-02
 8.85917722e-02 8.86485435e-02 8.87052786e-02 8.87619774e-02
 8.88186400e-02 8.88752664e-02 8.89318568e-02 8.89884112e-02
 8.90449297e-02 8.91014123e-02 8.91578592e-02 8.92142703e-02
 8.92706458e-02 8.93269858e-02 8.93832902e-02 8.94395591e-02
 8.94957927e-02 8.95519910e-02 8.96081540e-02 8.96642819e-02
 8.97203746e-02 8.97764323e-02 8.98324551e-02 8.98884429e-02
 8.99443959e-02 9.00003141e-02 9.00561975e-02 9.01120464e-02
 9.01678606e-02 9.02236403e-02 9.02793856e-02 9.03350965e-02
 9.03907730e-02 9.04464152e-02 9.05020233e-02 9.05575971e-02
 9.06131369e-02 9.06686427e-02 9.07241145e-02 9.07795524e-02
 9.08349565e-02 9.08903268e-02 9.09456634e-02 9.10009663e-02
 9.10562357e-02 9.11114715e-02 9.11666738e-02 9.12218428e-02
 9.12769784e-02 9.13320807e-02 9.13871498e-02 9.14421857e-02
 9.14971885e-02 9.15521582e-02 9.16070950e-02 9.16619989e-02
 9.17168699e-02 9.17717080e-02 9.18265135e-02 9.18812862e-02
 9.19360263e-02 9.19907338e-02 9.20454088e-02 9.21000514e-02
 9.21546616e-02 9.22092394e-02 9.22637849e-02 9.23182982e-02
 9.23727794e-02 9.24272284e-02 9.24816454e-02 9.25360303e-02
 9.25903834e-02 9.26447045e-02 9.26989939e-02 9.27532514e-02
 9.28074773e-02 9.28616714e-02 9.29158340e-02 9.29699650e-02
 9.30240646e-02 9.30781326e-02 9.31321693e-02 9.31861747e-02
 9.32401487e-02 9.32940916e-02 9.33480032e-02 9.34018838e-02
 9.34557333e-02 9.35095517e-02 9.35633392e-02 9.36170958e-02
 9.36708216e-02 9.37245165e-02 9.37781808e-02 9.38318143e-02
 9.38854171e-02 9.39389894e-02 9.39925312e-02 9.40460425e-02
 9.40995233e-02 9.41529737e-02 9.42063939e-02 9.42597837e-02
 9.43131434e-02 9.43664728e-02 9.44197721e-02 9.44730414e-02
 9.45262807e-02 9.45794899e-02 9.46326693e-02 9.46858188e-02
 9.47389385e-02 9.47920284e-02 9.48450886e-02 9.48981191e-02
 9.49511200e-02 9.50040913e-02 9.50570332e-02 9.51099455e-02
 9.51628285e-02 9.52156820e-02 9.52685063e-02 9.53213013e-02
 9.53740670e-02 9.54268036e-02 9.54795111e-02 9.55321895e-02
 9.55848388e-02 9.56374592e-02 9.56900506e-02 9.57426132e-02
 9.57951469e-02 9.58476518e-02 9.59001279e-02 9.59525754e-02
 9.60049942e-02 9.60573844e-02 9.61097461e-02 9.61620792e-02
 9.62143838e-02 9.62666601e-02 9.63189079e-02 9.63711275e-02
 9.64233187e-02 9.64754818e-02 9.65276166e-02 9.65797233e-02
 9.66318019e-02 9.66838524e-02 9.67358749e-02 9.67878695e-02
 9.68398362e-02 9.68917749e-02 9.69436859e-02 9.69955691e-02
 9.70474245e-02 9.70992522e-02 9.71510523e-02 9.72028248e-02
 9.72545697e-02 9.73062871e-02 9.73579771e-02 9.74096396e-02
 9.74612747e-02 9.75128825e-02 9.75644630e-02 9.76160162e-02
 9.76675422e-02 9.77190411e-02 9.77705128e-02 9.78219575e-02
 9.78733751e-02 9.79247657e-02 9.79761294e-02 9.80274661e-02
 9.80787760e-02 9.81300590e-02 9.81813153e-02 9.82325448e-02
 9.82837476e-02 9.83349238e-02 9.83860733e-02 9.84371963e-02
 9.84882927e-02 9.85393626e-02 9.85904061e-02 9.86414232e-02
 9.86924138e-02 9.87433782e-02 9.87943162e-02 9.88452280e-02
 9.88961136e-02 9.89469731e-02 9.89978064e-02 9.90486136e-02
 9.90993947e-02 9.91501499e-02 9.92008790e-02 9.92515823e-02
 9.93022597e-02 9.93529112e-02 9.94035369e-02 9.94541368e-02
 9.95047110e-02 9.95552595e-02 9.96057824e-02 9.96562796e-02
 9.97067513e-02 9.97571974e-02 9.98076180e-02 9.98580132e-02
 9.99083830e-02 9.99587273e-02 1.00009046e-01 1.00059340e-01
 1.00109609e-01 1.00159852e-01 1.00210070e-01 1.00260263e-01]","[1.00000000e-07 1.00073652e-03 1.41522557e-03 1.73327398e-03
 2.00140149e-03 2.23762638e-03 2.45118927e-03 2.64758128e-03
 2.83037817e-03 3.00206435e-03 3.16445004e-03 3.31889955e-03
 3.46647382e-03 3.60801690e-03 3.74421366e-03 3.87562669e-03
 4.00272738e-03 4.12591435e-03 4.24552833e-03 4.36186416e-03
 4.47517615e-03 4.58568902e-03 4.69360054e-03 4.79908594e-03
 4.90230197e-03 5.00338920e-03 5.10247461e-03 5.19967201e-03
 5.29508547e-03 5.38880959e-03 5.48093136e-03 5.57152992e-03
 5.66067877e-03 5.74844499e-03 5.83489138e-03 5.92007536e-03
 6.00405087e-03 6.08686785e-03 6.16857270e-03 6.24920907e-03
 6.32881865e-03 6.40743921e-03 6.48510671e-03 6.56185504e-03
 6.63771597e-03 6.71271969e-03 6.78689456e-03 6.86026746e-03
 6.93286389e-03 7.00470795e-03 7.07582258e-03 7.14622944e-03
 7.21594920e-03 7.28500170e-03 7.35340597e-03 7.42117982e-03
 7.48834018e-03 7.55490347e-03 7.62088549e-03 7.68630123e-03
 7.75116482e-03 7.81549006e-03 7.87929020e-03 7.94257797e-03
 8.00536537e-03 8.06766410e-03 8.12948543e-03 8.19084024e-03
 8.25173885e-03 8.31219126e-03 8.37220718e-03 8.43179597e-03
 8.49096657e-03 8.54972766e-03 8.60808763e-03 8.66605461e-03
 8.72363639e-03 8.78084049e-03 8.83767424e-03 8.89414479e-03
 8.95025906e-03 9.00602384e-03 9.06144552e-03 9.11653023e-03
 9.17128405e-03 9.22571288e-03 9.27982248e-03 9.33361846e-03
 9.38710621e-03 9.44029087e-03 9.49317754e-03 9.54577118e-03
 9.59807663e-03 9.65009863e-03 9.70184172e-03 9.75331029e-03
 9.80450865e-03 9.85544103e-03 9.90611154e-03 9.95652421e-03
 1.00066829e-02 1.00565915e-02 1.01062535e-02 1.01556727e-02
 1.02048526e-02 1.02537966e-02 1.03025082e-02 1.03509904e-02
 1.03992467e-02 1.04472800e-02 1.04950935e-02 1.05426902e-02
 1.05900730e-02 1.06372446e-02 1.06842080e-02 1.07309657e-02
 1.07775206e-02 1.08238753e-02 1.08700322e-02 1.09159940e-02
 1.09617632e-02 1.10073422e-02 1.10527331e-02 1.10979384e-02
 1.11429603e-02 1.11878009e-02 1.12324626e-02 1.12769473e-02
 1.13212574e-02 1.13653947e-02 1.14093612e-02 1.14531590e-02
 1.14967900e-02 1.15402559e-02 1.15835587e-02 1.16267003e-02
 1.16696823e-02 1.17125067e-02 1.17551751e-02 1.17976891e-02
 1.18400505e-02 1.18822609e-02 1.19243218e-02 1.19662349e-02
 1.20080017e-02 1.20496237e-02 1.20911025e-02 1.21324394e-02
 1.21736361e-02 1.22146937e-02 1.22556138e-02 1.22963977e-02
 1.23370468e-02 1.23775624e-02 1.24179458e-02 1.24581983e-02
 1.24983212e-02 1.25383157e-02 1.25781830e-02 1.26179244e-02
 1.26575410e-02 1.26970339e-02 1.27364044e-02 1.27756536e-02
 1.28147826e-02 1.28537924e-02 1.28926842e-02 1.29314590e-02
 1.29701179e-02 1.30086619e-02 1.30470920e-02 1.30854092e-02
 1.31236145e-02 1.31617089e-02 1.31996934e-02 1.32375689e-02
 1.32753364e-02 1.33129968e-02 1.33505510e-02 1.33879998e-02
 1.34253441e-02 1.34625848e-02 1.34997228e-02 1.35367589e-02
 1.35736939e-02 1.36105287e-02 1.36472641e-02 1.36839009e-02
 1.37204398e-02 1.37568818e-02 1.37932274e-02 1.38294776e-02
 1.38656329e-02 1.39016943e-02 1.39376623e-02 1.39735377e-02
 1.40093212e-02 1.40450136e-02 1.40806155e-02 1.41161276e-02
 1.41515506e-02 1.41868852e-02 1.42221320e-02 1.42572916e-02
 1.42923648e-02 1.43273521e-02 1.43622542e-02 1.43970716e-02
 1.44318051e-02 1.44664551e-02 1.45010224e-02 1.45355074e-02
 1.45699108e-02 1.46042332e-02 1.46384752e-02 1.46726372e-02
 1.47067199e-02 1.47407237e-02 1.47746493e-02 1.48084972e-02
 1.48422679e-02 1.48759619e-02 1.49095797e-02 1.49431220e-02
 1.49765891e-02 1.50099815e-02 1.50432999e-02 1.50765447e-02
 1.51097163e-02 1.51428152e-02 1.51758420e-02 1.52087970e-02
 1.52416808e-02 1.52744937e-02 1.53072364e-02 1.53399091e-02
 1.53725124e-02 1.54050467e-02 1.54375124e-02 1.54699101e-02
 1.55022400e-02 1.55345026e-02 1.55666983e-02 1.55988276e-02
 1.56308908e-02 1.56628884e-02 1.56948207e-02 1.57266882e-02
 1.57584912e-02 1.57902302e-02 1.58219055e-02 1.58535175e-02
 1.58850666e-02 1.59165532e-02 1.59479776e-02 1.59793402e-02
 1.60106414e-02 1.60418816e-02 1.60730610e-02 1.61041801e-02
 1.61352392e-02 1.61662386e-02 1.61971786e-02 1.62280597e-02
 1.62588821e-02 1.62896461e-02 1.63203522e-02 1.63510006e-02
 1.63815917e-02 1.64121257e-02 1.64426030e-02 1.64730240e-02
 1.65033889e-02 1.65336980e-02 1.65639517e-02 1.65941502e-02
 1.66242939e-02 1.66543830e-02 1.66844179e-02 1.67143988e-02
 1.67443260e-02 1.67741998e-02 1.68040205e-02 1.68337883e-02
 1.68635036e-02 1.68931666e-02 1.69227777e-02 1.69523370e-02
 1.69818448e-02 1.70113015e-02 1.70407073e-02 1.70700624e-02
 1.70993671e-02 1.71286217e-02 1.71578264e-02 1.71869815e-02
 1.72160873e-02 1.72451438e-02 1.72741516e-02 1.73031106e-02
 1.73320213e-02 1.73608839e-02 1.73896985e-02 1.74184655e-02
 1.74471850e-02 1.74758574e-02 1.75044827e-02 1.75330614e-02
 1.75615935e-02 1.75900794e-02 1.76185192e-02 1.76469132e-02
 1.76752615e-02 1.77035645e-02 1.77318223e-02 1.77600352e-02
 1.77882032e-02 1.78163268e-02 1.78444060e-02 1.78724411e-02
 1.79004323e-02 1.79283798e-02 1.79562838e-02 1.79841445e-02
 1.80119621e-02 1.80397368e-02 1.80674688e-02 1.80951584e-02
 1.81228056e-02 1.81504107e-02 1.81779739e-02 1.82054953e-02
 1.82329752e-02 1.82604138e-02 1.82878112e-02 1.83151676e-02
 1.83424832e-02 1.83697582e-02 1.83969927e-02 1.84241870e-02
 1.84513412e-02 1.84784555e-02 1.85055301e-02 1.85325651e-02
 1.85595607e-02 1.85865172e-02 1.86134346e-02 1.86403131e-02
 1.86671529e-02 1.86939542e-02 1.87207171e-02 1.87474418e-02
 1.87741285e-02 1.88007772e-02 1.88273883e-02 1.88539617e-02
 1.88804978e-02 1.89069966e-02 1.89334584e-02 1.89598831e-02
 1.89862712e-02 1.90126225e-02 1.90389375e-02 1.90652160e-02
 1.90914585e-02 1.91176648e-02 1.91438354e-02 1.91699702e-02
 1.91960694e-02 1.92221332e-02 1.92481617e-02 1.92741551e-02
 1.93001135e-02 1.93260370e-02 1.93519258e-02 1.93777800e-02
 1.94035997e-02 1.94293852e-02 1.94551364e-02 1.94808536e-02
 1.95065369e-02 1.95321865e-02 1.95578023e-02 1.95833847e-02
 1.96089337e-02 1.96344495e-02 1.96599321e-02 1.96853817e-02
 1.97107985e-02 1.97361826e-02 1.97615340e-02 1.97868530e-02
 1.98121396e-02 1.98373940e-02 1.98626163e-02 1.98878066e-02
 1.99129650e-02 1.99380917e-02 1.99631868e-02 1.99882503e-02
 2.00132825e-02 2.00382834e-02 2.00632532e-02 2.00881919e-02
 2.01130997e-02 2.01379767e-02 2.01628229e-02 2.01876386e-02
 2.02124239e-02 2.02371787e-02 2.02619034e-02 2.02865979e-02
 2.03112623e-02 2.03358969e-02 2.03605016e-02 2.03850767e-02
 2.04096221e-02 2.04341381e-02 2.04586247e-02 2.04830820e-02
 2.05075102e-02 2.05319093e-02 2.05562795e-02 2.05806208e-02
 2.06049333e-02 2.06292172e-02 2.06534725e-02 2.06776994e-02
 2.07018979e-02 2.07260682e-02 2.07502103e-02 2.07743244e-02
 2.07984105e-02 2.08224687e-02 2.08464992e-02 2.08705020e-02
 2.08944772e-02 2.09184250e-02 2.09423453e-02 2.09662384e-02
 2.09901043e-02 2.10139430e-02 2.10377548e-02 2.10615396e-02
 2.10852977e-02 2.11090289e-02 2.11327336e-02 2.11564116e-02
 2.11800632e-02 2.12036885e-02 2.12272874e-02 2.12508601e-02
 2.12744067e-02 2.12979273e-02 2.13214219e-02 2.13448906e-02
 2.13683336e-02 2.13917509e-02 2.14151426e-02 2.14385087e-02
 2.14618494e-02 2.14851648e-02 2.15084549e-02 2.15317198e-02
 2.15549596e-02 2.15781743e-02 2.16013641e-02 2.16245290e-02
 2.16476692e-02 2.16707846e-02 2.16938754e-02 2.17169417e-02
 2.17399835e-02 2.17630009e-02 2.17859940e-02 2.18089628e-02
 2.18319075e-02 2.18548281e-02 2.18777246e-02 2.19005972e-02
 2.19234460e-02 2.19462710e-02 2.19690722e-02 2.19918499e-02
 2.20146039e-02 2.20373345e-02 2.20600416e-02 2.20827254e-02
 2.21053859e-02 2.21280232e-02 2.21506374e-02 2.21732285e-02
 2.21957966e-02 2.22183418e-02 2.22408641e-02 2.22633637e-02
 2.22858405e-02 2.23082947e-02 2.23307263e-02 2.23531354e-02
 2.23755221e-02 2.23978863e-02 2.24202283e-02 2.24425480e-02
 2.24648456e-02 2.24871210e-02 2.25093744e-02 2.25316058e-02
 2.25538153e-02 2.25760029e-02 2.25981688e-02 2.26203129e-02
 2.26424354e-02 2.26645363e-02 2.26866156e-02 2.27086735e-02
 2.27307099e-02 2.27527250e-02 2.27747189e-02 2.27966915e-02
 2.28186430e-02 2.28405733e-02 2.28624826e-02 2.28843710e-02
 2.29062384e-02 2.29280850e-02 2.29499108e-02 2.29717158e-02
 2.29935002e-02 2.30152640e-02 2.30370072e-02 2.30587299e-02
 2.30804322e-02 2.31021141e-02 2.31237756e-02 2.31454169e-02
 2.31670380e-02 2.31886389e-02 2.32102197e-02 2.32317805e-02
 2.32533213e-02 2.32748421e-02 2.32963430e-02 2.33178242e-02
 2.33392855e-02 2.33607271e-02 2.33821491e-02 2.34035515e-02
 2.34249343e-02 2.34462976e-02 2.34676414e-02 2.34889659e-02
 2.35102710e-02 2.35315568e-02 2.35528234e-02 2.35740708e-02
 2.35952990e-02 2.36165082e-02 2.36376984e-02 2.36588696e-02
 2.36800218e-02 2.37011552e-02 2.37222697e-02 2.37433655e-02
 2.37644425e-02 2.37855009e-02 2.38065406e-02 2.38275618e-02
 2.38485645e-02 2.38695486e-02 2.38905144e-02 2.39114618e-02
 2.39323908e-02 2.39533015e-02 2.39741940e-02 2.39950683e-02
 2.40159245e-02 2.40367625e-02 2.40575825e-02 2.40783845e-02
 2.40991686e-02 2.41199347e-02 2.41406830e-02 2.41614134e-02
 2.41821261e-02 2.42028211e-02 2.42234984e-02 2.42441580e-02
 2.42648000e-02 2.42854245e-02 2.43060315e-02 2.43266211e-02
 2.43471932e-02 2.43677480e-02 2.43882854e-02 2.44088056e-02
 2.44293085e-02 2.44497942e-02 2.44702628e-02 2.44907143e-02
 2.45111487e-02 2.45315661e-02 2.45519665e-02 2.45723500e-02
 2.45927166e-02 2.46130664e-02 2.46333993e-02 2.46537155e-02
 2.46740149e-02 2.46942976e-02 2.47145637e-02 2.47348132e-02
 2.47550462e-02 2.47752626e-02 2.47954625e-02 2.48156460e-02
 2.48358130e-02 2.48559638e-02 2.48760981e-02 2.48962162e-02
 2.49163181e-02 2.49364038e-02 2.49564732e-02 2.49765266e-02
 2.49965639e-02 2.50165851e-02 2.50365903e-02 2.50565795e-02
 2.50765528e-02 2.50965103e-02 2.51164518e-02 2.51363775e-02
 2.51562875e-02 2.51761817e-02 2.51960602e-02 2.52159230e-02
 2.52357702e-02 2.52556018e-02 2.52754179e-02 2.52952184e-02
 2.53150034e-02 2.53347730e-02 2.53545272e-02 2.53742660e-02
 2.53939894e-02 2.54136975e-02 2.54333904e-02 2.54530680e-02
 2.54727305e-02 2.54923777e-02 2.55120099e-02 2.55316269e-02
 2.55512289e-02 2.55708158e-02 2.55903878e-02 2.56099447e-02
 2.56294868e-02 2.56490140e-02 2.56685263e-02 2.56880238e-02
 2.57075065e-02 2.57269745e-02 2.57464277e-02 2.57658663e-02
 2.57852902e-02 2.58046995e-02 2.58240942e-02 2.58434743e-02
 2.58628399e-02 2.58821910e-02 2.59015277e-02 2.59208500e-02
 2.59401578e-02 2.59594513e-02 2.59787305e-02 2.59979953e-02
 2.60172460e-02 2.60364823e-02 2.60557045e-02 2.60749125e-02
 2.60941064e-02 2.61132861e-02 2.61324518e-02 2.61516034e-02
 2.61707410e-02 2.61898647e-02 2.62089743e-02 2.62280701e-02
 2.62471519e-02 2.62662199e-02 2.62852741e-02 2.63043144e-02
 2.63233410e-02 2.63423539e-02 2.63613530e-02 2.63803385e-02
 2.63993102e-02 2.64182684e-02 2.64372130e-02 2.64561440e-02
 2.64750615e-02 2.64939654e-02 2.65128559e-02 2.65317329e-02
 2.65505966e-02 2.65694468e-02 2.65882836e-02 2.66071072e-02
 2.66259174e-02 2.66447143e-02 2.66634980e-02 2.66822685e-02
 2.67010258e-02 2.67197699e-02 2.67385008e-02 2.67572187e-02
 2.67759234e-02 2.67946151e-02 2.68132938e-02 2.68319594e-02
 2.68506121e-02 2.68692519e-02 2.68878787e-02 2.69064926e-02
 2.69250936e-02 2.69436818e-02 2.69622572e-02 2.69808198e-02
 2.69993697e-02 2.70179067e-02 2.70364311e-02 2.70549428e-02
 2.70734419e-02 2.70919283e-02 2.71104021e-02 2.71288633e-02
 2.71473120e-02 2.71657481e-02 2.71841717e-02 2.72025829e-02
 2.72209816e-02 2.72393679e-02 2.72577417e-02 2.72761032e-02
 2.72944524e-02 2.73127892e-02 2.73311137e-02 2.73494259e-02
 2.73677259e-02 2.73860137e-02 2.74042892e-02 2.74225526e-02
 2.74408038e-02 2.74590429e-02 2.74772699e-02 2.74954848e-02
 2.75136877e-02 2.75318785e-02 2.75500573e-02 2.75682242e-02
 2.75863790e-02 2.76045220e-02 2.76226530e-02 2.76407721e-02
 2.76588794e-02 2.76769748e-02 2.76950583e-02 2.77131301e-02
 2.77311901e-02 2.77492384e-02 2.77672749e-02 2.77852997e-02
 2.78033128e-02 2.78213143e-02 2.78393041e-02 2.78572823e-02
 2.78752489e-02 2.78932039e-02 2.79111474e-02 2.79290793e-02
 2.79469997e-02 2.79649087e-02 2.79828062e-02 2.80006922e-02
 2.80185669e-02 2.80364301e-02 2.80542820e-02 2.80721225e-02
 2.80899516e-02 2.81077695e-02 2.81255761e-02 2.81433714e-02
 2.81611555e-02 2.81789283e-02 2.81966900e-02 2.82144404e-02
 2.82321797e-02 2.82499079e-02 2.82676249e-02 2.82853309e-02
 2.83030257e-02 2.83207096e-02 2.83383824e-02 2.83560441e-02
 2.83736949e-02 2.83913347e-02 2.84089636e-02 2.84265815e-02
 2.84441885e-02 2.84617847e-02 2.84793699e-02 2.84969443e-02
 2.85145079e-02 2.85320606e-02 2.85496026e-02 2.85671338e-02
 2.85846542e-02 2.86021639e-02 2.86196629e-02 2.86371512e-02
 2.86546289e-02 2.86720958e-02 2.86895522e-02 2.87069979e-02
 2.87244330e-02 2.87418576e-02 2.87592716e-02 2.87766750e-02
 2.87940679e-02 2.88114504e-02 2.88288223e-02 2.88461838e-02
 2.88635349e-02 2.88808755e-02 2.88982057e-02 2.89155255e-02
 2.89328350e-02 2.89501341e-02 2.89674229e-02 2.89847013e-02
 2.90019695e-02 2.90192274e-02 2.90364750e-02 2.90537124e-02
 2.90709396e-02 2.90881566e-02 2.91053634e-02 2.91225600e-02
 2.91397465e-02 2.91569228e-02 2.91740891e-02 2.91912452e-02
 2.92083913e-02 2.92255273e-02 2.92426533e-02 2.92597692e-02
 2.92768752e-02 2.92939711e-02 2.93110571e-02 2.93281331e-02
 2.93451992e-02 2.93622554e-02 2.93793017e-02 2.93963381e-02
 2.94133646e-02 2.94303813e-02 2.94473881e-02 2.94643851e-02
 2.94813723e-02 2.94983498e-02 2.95153174e-02 2.95322753e-02
 2.95492235e-02 2.95661620e-02 2.95830908e-02 2.96000099e-02
 2.96169193e-02 2.96338191e-02 2.96507092e-02 2.96675897e-02
 2.96844607e-02 2.97013220e-02 2.97181738e-02 2.97350160e-02
 2.97518487e-02 2.97686719e-02 2.97854855e-02 2.98022897e-02
 2.98190844e-02 2.98358697e-02 2.98526455e-02 2.98694119e-02
 2.98861689e-02 2.99029165e-02 2.99196548e-02 2.99363836e-02
 2.99531032e-02 2.99698134e-02 2.99865142e-02 3.00032058e-02
 3.00198882e-02 3.00365612e-02 3.00532250e-02 3.00698796e-02
 3.00865249e-02 3.01031611e-02 3.01197880e-02 3.01364058e-02
 3.01530145e-02 3.01696139e-02 3.01862043e-02 3.02027855e-02
 3.02193577e-02 3.02359208e-02 3.02524747e-02 3.02690197e-02
 3.02855556e-02 3.03020825e-02 3.03186003e-02 3.03351092e-02
 3.03516091e-02 3.03681000e-02 3.03845820e-02 3.04010550e-02
 3.04175192e-02 3.04339744e-02 3.04504207e-02 3.04668581e-02
 3.04832867e-02 3.04997064e-02 3.05161173e-02 3.05325194e-02
 3.05489127e-02 3.05652971e-02 3.05816728e-02 3.05980398e-02
 3.06143979e-02 3.06307474e-02 3.06470881e-02 3.06634201e-02
 3.06797434e-02 3.06960581e-02 3.07123641e-02 3.07286614e-02
 3.07449501e-02 3.07612301e-02 3.07775016e-02 3.07937644e-02
 3.08100187e-02 3.08262644e-02 3.08425015e-02 3.08587301e-02
 3.08749502e-02 3.08911617e-02 3.09073648e-02 3.09235593e-02
 3.09397454e-02 3.09559230e-02 3.09720922e-02 3.09882529e-02
 3.10044053e-02 3.10205491e-02 3.10366846e-02 3.10528118e-02
 3.10689305e-02 3.10850409e-02 3.11011429e-02 3.11172366e-02
 3.11333220e-02 3.11493991e-02 3.11654679e-02 3.11815284e-02
 3.11975806e-02 3.12136246e-02 3.12296604e-02 3.12456879e-02
 3.12617072e-02 3.12777183e-02 3.12937212e-02 3.13097159e-02
 3.13257024e-02 3.13416808e-02 3.13576511e-02 3.13736132e-02
 3.13895672e-02 3.14055131e-02 3.14214509e-02 3.14373806e-02
 3.14533023e-02 3.14692159e-02 3.14851215e-02 3.15010190e-02
 3.15169085e-02 3.15327900e-02 3.15486635e-02 3.15645291e-02
 3.15803866e-02 3.15962362e-02 3.16120779e-02 3.16279116e-02]","[1.e-07 1.e-07 1.e-07 1.e-07 1.e-07 1.e-07 1.e-07 1.e-07 1.e-07 1.e-07
 1.e-07 1.e-07 1.e-07 1.e-07 1.e-07 1.e-07 1.e-07 1.e-07 1.e-07 1.e-07
 1.e-07 1.e-07 1.e-07 1.e-07 1.e-07 1.e-07 1.e-07 1.e-07 1.e-07 1.e-07
 1.e-07 1.e-07 1.e-07 1.e-07 1.e-07 1.e-07 1.e-07 1.e-07 1.e-07 1.e-07
 1.e-07 1.e-07 1.e-07 1.e-07 1.e-07 1.e-07 1.e-07 1.e-07 1.e-07 1.e-07
 1.e-07 1.e-07 1.e-07 1.e-07 1.e-07 1.e-07 1.e-07 1.e-07 1.e-07 1.e-07
 1.e-07 1.e-07 1.e-07 1.e-07 1.e-07 1.e-07 1.e-07 1.e-07 1.e-07 1.e-07
 1.e-07 1.e-07 1.e-07 1.e-07 1.e-07 1.e-07 1.e-07 1.e-07 1.e-07 1.e-07
 1.e-07 1.e-07 1.e-07 1.e-07 1.e-07 1.e-07 1.e-07 1.e-07 1.e-07 1.e-07
 1.e-07 1.e-07 1.e-07 1.e-07 1.e-07 1.e-07 1.e-07 1.e-07 1.e-07 1.e-07
 1.e-07 1.e-07 1.e-07 1.e-07 1.e-07 1.e-07 1.e-07 1.e-07 1.e-07 1.e-07
 1.e-07 1.e-07 1.e-07 1.e-07 1.e-07 1.e-07 1.e-07 1.e-07 1.e-07 1.e-07
 1.e-07 1.e-07 1.e-07 1.e-07 1.e-07 1.e-07 1.e-07 1.e-07 1.e-07 1.e-07
 1.e-07 1.e-07 1.e-07 1.e-07 1.e-07 1.e-07 1.e-07 1.e-07 1.e-07 1.e-07
 1.e-07 1.e-07 1.e-07 1.e-07 1.e-07 1.e-07 1.e-07 1.e-07 1.e-07 1.e-07
 1.e-07 1.e-07 1.e-07 1.e-07 1.e-07 1.e-07 1.e-07 1.e-07 1.e-07 1.e-07
 1.e-07 1.e-07 1.e-07 1.e-07 1.e-07 1.e-07 1.e-07 1.e-07 1.e-07 1.e-07
 1.e-07 1.e-07 1.e-07 1.e-07 1.e-07 1.e-07 1.e-07 1.e-07 1.e-07 1.e-07
 1.e-07 1.e-07 1.e-07 1.e-07 1.e-07 1.e-07 1.e-07 1.e-07 1.e-07 1.e-07
 1.e-07 1.e-07 1.e-07 1.e-07 1.e-07 1.e-07 1.e-07 1.e-07 1.e-07 1.e-07
 1.e-07 1.e-07 1.e-07 1.e-07 1.e-07 1.e-07 1.e-07 1.e-07 1.e-07 1.e-07
 1.e-07 1.e-07 1.e-07 1.e-07 1.e-07 1.e-07 1.e-07 1.e-07 1.e-07 1.e-07
 1.e-07 1.e-07 1.e-07 1.e-07 1.e-07 1.e-07 1.e-07 1.e-07 1.e-07 1.e-07
 1.e-07 1.e-07 1.e-07 1.e-07 1.e-07 1.e-07 1.e-07 1.e-07 1.e-07 1.e-07
 1.e-07 1.e-07 1.e-07 1.e-07 1.e-07 1.e-07 1.e-07 1.e-07 1.e-07 1.e-07
 1.e-07 1.e-07 1.e-07 1.e-07 1.e-07 1.e-07 1.e-07 1.e-07 1.e-07 1.e-07
 1.e-07 1.e-07 1.e-07 1.e-07 1.e-07 1.e-07 1.e-07 1.e-07 1.e-07 1.e-07
 1.e-07 1.e-07 1.e-07 1.e-07 1.e-07 1.e-07 1.e-07 1.e-07 1.e-07 1.e-07
 1.e-07 1.e-07 1.e-07 1.e-07 1.e-07 1.e-07 1.e-07 1.e-07 1.e-07 1.e-07
 1.e-07 1.e-07 1.e-07 1.e-07 1.e-07 1.e-07 1.e-07 1.e-07 1.e-07 1.e-07
 1.e-07 1.e-07 1.e-07 1.e-07 1.e-07 1.e-07 1.e-07 1.e-07 1.e-07 1.e-07
 1.e-07 1.e-07 1.e-07 1.e-07 1.e-07 1.e-07 1.e-07 1.e-07 1.e-07 1.e-07
 1.e-07 1.e-07 1.e-07 1.e-07 1.e-07 1.e-07 1.e-07 1.e-07 1.e-07 1.e-07
 1.e-07 1.e-07 1.e-07 1.e-07 1.e-07 1.e-07 1.e-07 1.e-07 1.e-07 1.e-07
 1.e-07 1.e-07 1.e-07 1.e-07 1.e-07 1.e-07 1.e-07 1.e-07 1.e-07 1.e-07
 1.e-07 1.e-07 1.e-07 1.e-07 1.e-07 1.e-07 1.e-07 1.e-07 1.e-07 1.e-07
 1.e-07 1.e-07 1.e-07 1.e-07 1.e-07 1.e-07 1.e-07 1.e-07 1.e-07 1.e-07
 1.e-07 1.e-07 1.e-07 1.e-07 1.e-07 1.e-07 1.e-07 1.e-07 1.e-07 1.e-07
 1.e-07 1.e-07 1.e-07 1.e-07 1.e-07 1.e-07 1.e-07 1.e-07 1.e-07 1.e-07
 1.e-07 1.e-07 1.e-07 1.e-07 1.e-07 1.e-07 1.e-07 1.e-07 1.e-07 1.e-07
 1.e-07 1.e-07 1.e-07 1.e-07 1.e-07 1.e-07 1.e-07 1.e-07 1.e-07 1.e-07
 1.e-07 1.e-07 1.e-07 1.e-07 1.e-07 1.e-07 1.e-07 1.e-07 1.e-07 1.e-07
 1.e-07 1.e-07 1.e-07 1.e-07 1.e-07 1.e-07 1.e-07 1.e-07 1.e-07 1.e-07
 1.e-07 1.e-07 1.e-07 1.e-07 1.e-07 1.e-07 1.e-07 1.e-07 1.e-07 1.e-07
 1.e-07 1.e-07 1.e-07 1.e-07 1.e-07 1.e-07 1.e-07 1.e-07 1.e-07 1.e-07
 1.e-07 1.e-07 1.e-07 1.e-07 1.e-07 1.e-07 1.e-07 1.e-07 1.e-07 1.e-07
 1.e-07 1.e-07 1.e-07 1.e-07 1.e-07 1.e-07 1.e-07 1.e-07 1.e-07 1.e-07
 1.e-07 1.e-07 1.e-07 1.e-07 1.e-07 1.e-07 1.e-07 1.e-07 1.e-07 1.e-07
 1.e-07 1.e-07 1.e-07 1.e-07 1.e-07 1.e-07 1.e-07 1.e-07 1.e-07 1.e-07
 1.e-07 1.e-07 1.e-07 1.e-07 1.e-07 1.e-07 1.e-07 1.e-07 1.e-07 1.e-07
 1.e-07 1.e-07 1.e-07 1.e-07 1.e-07 1.e-07 1.e-07 1.e-07 1.e-07 1.e-07
 1.e-07 1.e-07 1.e-07 1.e-07 1.e-07 1.e-07 1.e-07 1.e-07 1.e-07 1.e-07
 1.e-07 1.e-07 1.e-07 1.e-07 1.e-07 1.e-07 1.e-07 1.e-07 1.e-07 1.e-07
 1.e-07 1.e-07 1.e-07 1.e-07 1.e-07 1.e-07 1.e-07 1.e-07 1.e-07 1.e-07
 1.e-07 1.e-07 1.e-07 1.e-07 1.e-07 1.e-07 1.e-07 1.e-07 1.e-07 1.e-07
 1.e-07 1.e-07 1.e-07 1.e-07 1.e-07 1.e-07 1.e-07 1.e-07 1.e-07 1.e-07
 1.e-07 1.e-07 1.e-07 1.e-07 1.e-07 1.e-07 1.e-07 1.e-07 1.e-07 1.e-07
 1.e-07 1.e-07 1.e-07 1.e-07 1.e-07 1.e-07 1.e-07 1.e-07 1.e-07 1.e-07
 1.e-07 1.e-07 1.e-07 1.e-07 1.e-07 1.e-07 1.e-07 1.e-07 1.e-07 1.e-07
 1.e-07 1.e-07 1.e-07 1.e-07 1.e-07 1.e-07 1.e-07 1.e-07 1.e-07 1.e-07
 1.e-07 1.e-07 1.e-07 1.e-07 1.e-07 1.e-07 1.e-07 1.e-07 1.e-07 1.e-07
 1.e-07 1.e-07 1.e-07 1.e-07 1.e-07 1.e-07 1.e-07 1.e-07 1.e-07 1.e-07
 1.e-07 1.e-07 1.e-07 1.e-07 1.e-07 1.e-07 1.e-07 1.e-07 1.e-07 1.e-07
 1.e-07 1.e-07 1.e-07 1.e-07 1.e-07 1.e-07 1.e-07 1.e-07 1.e-07 1.e-07
 1.e-07 1.e-07 1.e-07 1.e-07 1.e-07 1.e-07 1.e-07 1.e-07 1.e-07 1.e-07
 1.e-07 1.e-07 1.e-07 1.e-07 1.e-07 1.e-07 1.e-07 1.e-07 1.e-07 1.e-07
 1.e-07 1.e-07 1.e-07 1.e-07 1.e-07 1.e-07 1.e-07 1.e-07 1.e-07 1.e-07
 1.e-07 1.e-07 1.e-07 1.e-07 1.e-07 1.e-07 1.e-07 1.e-07 1.e-07 1.e-07
 1.e-07 1.e-07 1.e-07 1.e-07 1.e-07 1.e-07 1.e-07 1.e-07 1.e-07 1.e-07
 1.e-07 1.e-07 1.e-07 1.e-07 1.e-07 1.e-07 1.e-07 1.e-07 1.e-07 1.e-07
 1.e-07 1.e-07 1.e-07 1.e-07 1.e-07 1.e-07 1.e-07 1.e-07 1.e-07 1.e-07
 1.e-07 1.e-07 1.e-07 1.e-07 1.e-07 1.e-07 1.e-07 1.e-07 1.e-07 1.e-07
 1.e-07 1.e-07 1.e-07 1.e-07 1.e-07 1.e-07 1.e-07 1.e-07 1.e-07 1.e-07
 1.e-07 1.e-07 1.e-07 1.e-07 1.e-07 1.e-07 1.e-07 1.e-07 1.e-07 1.e-07
 1.e-07 1.e-07 1.e-07 1.e-07 1.e-07 1.e-07 1.e-07 1.e-07 1.e-07 1.e-07
 1.e-07 1.e-07 1.e-07 1.e-07 1.e-07 1.e-07 1.e-07 1.e-07 1.e-07 1.e-07
 1.e-07 1.e-07 1.e-07 1.e-07 1.e-07 1.e-07 1.e-07 1.e-07 1.e-07 1.e-07
 1.e-07 1.e-07 1.e-07 1.e-07 1.e-07 1.e-07 1.e-07 1.e-07 1.e-07 1.e-07
 1.e-07 1.e-07 1.e-07 1.e-07 1.e-07 1.e-07 1.e-07 1.e-07 1.e-07 1.e-07
 1.e-07 1.e-07 1.e-07 1.e-07 1.e-07 1.e-07 1.e-07 1.e-07 1.e-07 1.e-07
 1.e-07 1.e-07 1.e-07 1.e-07 1.e-07 1.e-07 1.e-07 1.e-07 1.e-07 1.e-07
 1.e-07 1.e-07 1.e-07 1.e-07 1.e-07 1.e-07 1.e-07 1.e-07 1.e-07 1.e-07
 1.e-07 1.e-07 1.e-07 1.e-07 1.e-07 1.e-07 1.e-07 1.e-07 1.e-07 1.e-07
 1.e-07 1.e-07 1.e-07 1.e-07 1.e-07 1.e-07 1.e-07 1.e-07 1.e-07 1.e-07
 1.e-07 1.e-07 1.e-07 1.e-07 1.e-07 1.e-07 1.e-07 1.e-07 1.e-07 1.e-07
 1.e-07 1.e-07 1.e-07 1.e-07 1.e-07 1.e-07 1.e-07 1.e-07 1.e-07 1.e-07
 1.e-07 1.e-07 1.e-07 1.e-07 1.e-07 1.e-07 1.e-07 1.e-07 1.e-07 1.e-07
 1.e-07 1.e-07 1.e-07 1.e-07 1.e-07 1.e-07 1.e-07 1.e-07 1.e-07 1.e-07
 1.e-07 1.e-07 1.e-07 1.e-07 1.e-07 1.e-07 1.e-07 1.e-07 1.e-07 1.e-07
 1.e-07 1.e-07 1.e-07 1.e-07 1.e-07 1.e-07 1.e-07 1.e-07 1.e-07 1.e-07
 1.e-07 1.e-07 1.e-07 1.e-07 1.e-07 1.e-07 1.e-07 1.e-07 1.e-07 1.e-07
 1.e-07 1.e-07 1.e-07 1.e-07 1.e-07 1.e-07 1.e-07 1.e-07 1.e-07 1.e-07
 1.e-07 1.e-07 1.e-07 1.e-07 1.e-07 1.e-07 1.e-07 1.e-07 1.e-07 1.e-07
 1.e-07 1.e-07 1.e-07 1.e-07 1.e-07 1.e-07 1.e-07 1.e-07 1.e-07 1.e-07
 1.e-07 1.e-07 1.e-07 1.e-07 1.e-07 1.e-07 1.e-07 1.e-07 1.e-07 1.e-07
 1.e-07 1.e-07 1.e-07 1.e-07 1.e-07 1.e-07 1.e-07 1.e-07 1.e-07 1.e-07
 1.e-07 1.e-07 1.e-07 1.e-07 1.e-07 1.e-07 1.e-07 1.e-07 1.e-07 1.e-07
 1.e-07 1.e-07 1.e-07 1.e-07 1.e-07 1.e-07 1.e-07 1.e-07 1.e-07 1.e-07
 1.e-07 1.e-07 1.e-07 1.e-07 1.e-07 1.e-07 1.e-07 1.e-07 1.e-07 1.e-07
 1.e-07 1.e-07 1.e-07 1.e-07 1.e-07 1.e-07 1.e-07 1.e-07 1.e-07 1.e-07]","[1.18483412e-07 2.57284508e-03 3.63853375e-03 4.45626486e-03
 5.14564481e-03 5.75300028e-03 6.30208971e-03 6.80703126e-03
 7.27701852e-03 7.71843916e-03 8.13594738e-03 8.53305099e-03
 8.91247771e-03 9.27639771e-03 9.62657185e-03 9.96444657e-03
 1.02912339e-02 1.06079587e-02 1.09154970e-02 1.12146069e-02
 1.15059422e-02 1.17900808e-02 1.20675310e-02 1.23387435e-02
 1.26041212e-02 1.28640256e-02 1.31187831e-02 1.33686863e-02
 1.36140029e-02 1.38549761e-02 1.40918294e-02 1.43247665e-02
 1.45539762e-02 1.47796311e-02 1.50018925e-02 1.52209082e-02
 1.54368168e-02 1.56497467e-02 1.58598173e-02 1.60671406e-02
 1.62718240e-02 1.64739646e-02 1.66736547e-02 1.68709815e-02
 1.70660269e-02 1.72588682e-02 1.74495784e-02 1.76382268e-02
 1.78248787e-02 1.80095963e-02 1.81924384e-02 1.83734608e-02
 1.85527165e-02 1.87302567e-02 1.89061303e-02 1.90803830e-02
 1.92530583e-02 1.94241985e-02 1.95938442e-02 1.97620340e-02
 1.99288041e-02 2.00941901e-02 2.02582260e-02 2.04209445e-02
 2.05823766e-02 2.07425523e-02 2.09015005e-02 2.10592492e-02
 2.12158250e-02 2.13712536e-02 2.15255599e-02 2.16787681e-02
 2.18309010e-02 2.19819811e-02 2.21320298e-02 2.22810681e-02
 2.24291161e-02 2.25761930e-02 2.27223177e-02 2.28675085e-02
 2.30117834e-02 2.31551596e-02 2.32976538e-02 2.34392815e-02
 2.35800585e-02 2.37199999e-02 2.38591206e-02 2.39974349e-02
 2.41349567e-02 2.42716993e-02 2.44076757e-02 2.45428987e-02
 2.46773807e-02 2.48111339e-02 2.49441701e-02 2.50765004e-02
 2.52081360e-02 2.53390877e-02 2.54693662e-02 2.55989817e-02
 2.57279443e-02 2.58562637e-02 2.59839493e-02 2.61110105e-02
 2.62374564e-02 2.63632959e-02 2.64885376e-02 2.66131899e-02
 2.67372610e-02 2.68607591e-02 2.69836919e-02 2.71060672e-02
 2.72278926e-02 2.73491751e-02 2.74699221e-02 2.75901406e-02
 2.77098374e-02 2.78290193e-02 2.79476930e-02 2.80658650e-02
 2.81835417e-02 2.83007293e-02 2.84174335e-02 2.85336603e-02
 2.86494156e-02 2.87647050e-02 2.88795341e-02 2.89939085e-02
 2.91078335e-02 2.92213145e-02 2.93343565e-02 2.94469646e-02
 2.95591436e-02 2.96708984e-02 2.97822339e-02 2.98931547e-02
 3.00036655e-02 3.01137707e-02 3.02234750e-02 3.03327825e-02
 3.04416974e-02 3.05502241e-02 3.06583665e-02 3.07661288e-02
 3.08735150e-02 3.09805290e-02 3.10871746e-02 3.11934557e-02
 3.12993759e-02 3.14049388e-02 3.15101480e-02 3.16150072e-02
 3.17195196e-02 3.18236889e-02 3.19275183e-02 3.20310111e-02
 3.21341707e-02 3.22370001e-02 3.23395026e-02 3.24416812e-02
 3.25435390e-02 3.26450789e-02 3.27463040e-02 3.28472172e-02
 3.29478213e-02 3.30481191e-02 3.31481135e-02 3.32478070e-02
 3.33472025e-02 3.34463025e-02 3.35451097e-02 3.36436266e-02
 3.37418560e-02 3.38398001e-02 3.39374617e-02 3.40348430e-02
 3.41319467e-02 3.42287749e-02 3.43253301e-02 3.44216143e-02
 3.45176300e-02 3.46133793e-02 3.47088644e-02 3.48040875e-02
 3.48990508e-02 3.49937563e-02 3.50882063e-02 3.51824027e-02
 3.52763477e-02 3.53700432e-02 3.54634912e-02 3.55566935e-02
 3.56496522e-02 3.57423691e-02 3.58348461e-02 3.59270851e-02
 3.60190878e-02 3.61108561e-02 3.62023918e-02 3.62936966e-02
 3.63847723e-02 3.64756207e-02 3.65662434e-02 3.66566420e-02
 3.67468183e-02 3.68367738e-02 3.69265102e-02 3.70160290e-02
 3.71053318e-02 3.71944202e-02 3.72832957e-02 3.73719598e-02
 3.74604141e-02 3.75486601e-02 3.76366992e-02 3.77245328e-02
 3.78121624e-02 3.78995894e-02 3.79868152e-02 3.80738411e-02
 3.81606685e-02 3.82472989e-02 3.83337334e-02 3.84199735e-02
 3.85060204e-02 3.85918755e-02 3.86775401e-02 3.87630153e-02
 3.88483025e-02 3.89334029e-02 3.90183176e-02 3.91030480e-02
 3.91875951e-02 3.92719602e-02 3.93561445e-02 3.94401490e-02
 3.95239750e-02 3.96076237e-02 3.96910960e-02 3.97743931e-02
 3.98575163e-02 3.99404663e-02 4.00232445e-02 4.01058517e-02
 4.01882892e-02 4.02705578e-02 4.03526587e-02 4.04345929e-02
 4.05163614e-02 4.05979651e-02 4.06794052e-02 4.07606825e-02
 4.08417980e-02 4.09227528e-02 4.10035478e-02 4.10841839e-02
 4.11646622e-02 4.12449834e-02 4.13251486e-02 4.14051586e-02
 4.14850142e-02 4.15647165e-02 4.16442661e-02 4.17236641e-02
 4.18029112e-02 4.18820084e-02 4.19609565e-02 4.20397563e-02
 4.21184087e-02 4.21969144e-02 4.22752744e-02 4.23534894e-02
 4.24315603e-02 4.25094878e-02 4.25872727e-02 4.26649158e-02
 4.27424180e-02 4.28197798e-02 4.28970022e-02 4.29740857e-02
 4.30510312e-02 4.31278394e-02 4.32045111e-02 4.32810469e-02
 4.33574477e-02 4.34337140e-02 4.35098466e-02 4.35858463e-02
 4.36617136e-02 4.37374494e-02 4.38130542e-02 4.38885289e-02
 4.39638740e-02 4.40390902e-02 4.41141782e-02 4.41891385e-02
 4.42639720e-02 4.43386791e-02 4.44132605e-02 4.44877169e-02
 4.45620489e-02 4.46362571e-02 4.47103422e-02 4.47843046e-02
 4.48581452e-02 4.49318643e-02 4.50054627e-02 4.50789410e-02
 4.51522997e-02 4.52255394e-02 4.52986607e-02 4.53716642e-02
 4.54445504e-02 4.55173199e-02 4.55899733e-02 4.56625110e-02
 4.57349337e-02 4.58072419e-02 4.58794361e-02 4.59515169e-02
 4.60234848e-02 4.60953403e-02 4.61670840e-02 4.62387163e-02
 4.63102379e-02 4.63816492e-02 4.64529507e-02 4.65241429e-02
 4.65952264e-02 4.66662016e-02 4.67370691e-02 4.68078292e-02
 4.68784826e-02 4.69490296e-02 4.70194707e-02 4.70898065e-02
 4.71600373e-02 4.72301638e-02 4.73001862e-02 4.73701052e-02
 4.74399211e-02 4.75096344e-02 4.75792456e-02 4.76487550e-02
 4.77181632e-02 4.77874707e-02 4.78566777e-02 4.79257848e-02
 4.79947924e-02 4.80637010e-02 4.81325108e-02 4.82012224e-02
 4.82698362e-02 4.83383526e-02 4.84067720e-02 4.84750948e-02
 4.85433214e-02 4.86114522e-02 4.86794877e-02 4.87474282e-02
 4.88152742e-02 4.88830260e-02 4.89506840e-02 4.90182486e-02
 4.90857202e-02 4.91530992e-02 4.92203860e-02 4.92875809e-02
 4.93546843e-02 4.94216967e-02 4.94886184e-02 4.95554497e-02
 4.96221910e-02 4.96888427e-02 4.97554051e-02 4.98218786e-02
 4.98882635e-02 4.99545602e-02 5.00207690e-02 5.00868903e-02
 5.01529243e-02 5.02188716e-02 5.02847323e-02 5.03505069e-02
 5.04161957e-02 5.04817990e-02 5.05473171e-02 5.06127505e-02
 5.06780993e-02 5.07433640e-02 5.08085448e-02 5.08736422e-02
 5.09386563e-02 5.10035876e-02 5.10684364e-02 5.11332029e-02
 5.11978875e-02 5.12624905e-02 5.13270122e-02 5.13914529e-02
 5.14558129e-02 5.15200925e-02 5.15842920e-02 5.16484116e-02
 5.17124518e-02 5.17764127e-02 5.18402948e-02 5.19040982e-02
 5.19678232e-02 5.20314702e-02 5.20950395e-02 5.21585312e-02
 5.22219458e-02 5.22852834e-02 5.23485444e-02 5.24117291e-02
 5.24748377e-02 5.25378705e-02 5.26008277e-02 5.26637097e-02
 5.27265167e-02 5.27892490e-02 5.28519069e-02 5.29144906e-02
 5.29770003e-02 5.30394364e-02 5.31017990e-02 5.31640885e-02
 5.32263051e-02 5.32884491e-02 5.33505206e-02 5.34125201e-02
 5.34744476e-02 5.35363035e-02 5.35980880e-02 5.36598013e-02
 5.37214438e-02 5.37830156e-02 5.38445170e-02 5.39059483e-02
 5.39673096e-02 5.40286012e-02 5.40898234e-02 5.41509763e-02
 5.42120603e-02 5.42730756e-02 5.43340223e-02 5.43949007e-02
 5.44557111e-02 5.45164537e-02 5.45771287e-02 5.46377363e-02
 5.46982767e-02 5.47587502e-02 5.48191570e-02 5.48794972e-02
 5.49397713e-02 5.49999792e-02 5.50601213e-02 5.51201978e-02
 5.51802089e-02 5.52401548e-02 5.53000357e-02 5.53598518e-02
 5.54196034e-02 5.54792906e-02 5.55389136e-02 5.55984728e-02
 5.56579682e-02 5.57174000e-02 5.57767686e-02 5.58360740e-02
 5.58953165e-02 5.59544963e-02 5.60136136e-02 5.60726686e-02
 5.61316614e-02 5.61905923e-02 5.62494614e-02 5.63082690e-02
 5.63670152e-02 5.64257003e-02 5.64843244e-02 5.65428877e-02
 5.66013904e-02 5.66598327e-02 5.67182148e-02 5.67765369e-02
 5.68347991e-02 5.68930016e-02 5.69511447e-02 5.70092284e-02
 5.70672531e-02 5.71252188e-02 5.71831257e-02 5.72409741e-02
 5.72987641e-02 5.73564958e-02 5.74141695e-02 5.74717853e-02
 5.75293435e-02 5.75868440e-02 5.76442873e-02 5.77016733e-02
 5.77590023e-02 5.78162744e-02 5.78734899e-02 5.79306488e-02
 5.79877514e-02 5.80447979e-02 5.81017883e-02 5.81587228e-02
 5.82156016e-02 5.82724250e-02 5.83291929e-02 5.83859057e-02
 5.84425634e-02 5.84991663e-02 5.85557144e-02 5.86122080e-02
 5.86686472e-02 5.87250321e-02 5.87813629e-02 5.88376399e-02
 5.88938630e-02 5.89500325e-02 5.90061486e-02 5.90622113e-02
 5.91182209e-02 5.91741775e-02 5.92300813e-02 5.92859323e-02
 5.93417308e-02 5.93974769e-02 5.94531708e-02 5.95088125e-02
 5.95644022e-02 5.96199401e-02 5.96754263e-02 5.97308610e-02
 5.97862442e-02 5.98415762e-02 5.98968571e-02 5.99520870e-02
 6.00072661e-02 6.00623944e-02 6.01174722e-02 6.01724996e-02
 6.02274767e-02 6.02824037e-02 6.03372807e-02 6.03921077e-02
 6.04468851e-02 6.05016129e-02 6.05562912e-02 6.06109201e-02
 6.06654999e-02 6.07200306e-02 6.07745124e-02 6.08289454e-02
 6.08833297e-02 6.09376655e-02 6.09919529e-02 6.10461921e-02
 6.11003830e-02 6.11545260e-02 6.12086211e-02 6.12626684e-02
 6.13166681e-02 6.13706203e-02 6.14245252e-02 6.14783827e-02
 6.15321931e-02 6.15859565e-02 6.16396730e-02 6.16933427e-02
 6.17469657e-02 6.18005423e-02 6.18540724e-02 6.19075562e-02
 6.19609939e-02 6.20143855e-02 6.20677312e-02 6.21210310e-02
 6.21742852e-02 6.22274938e-02 6.22806569e-02 6.23337747e-02
 6.23868473e-02 6.24398747e-02 6.24928572e-02 6.25457947e-02
 6.25986875e-02 6.26515357e-02 6.27043393e-02 6.27570985e-02
 6.28098133e-02 6.28624840e-02 6.29151106e-02 6.29676932e-02
 6.30202319e-02 6.30727269e-02 6.31251782e-02 6.31775860e-02
 6.32299503e-02 6.32822713e-02 6.33345491e-02 6.33867838e-02
 6.34389755e-02 6.34911243e-02 6.35432302e-02 6.35952935e-02
 6.36473142e-02 6.36992924e-02 6.37512282e-02 6.38031217e-02
 6.38549731e-02 6.39067824e-02 6.39585497e-02 6.40102752e-02
 6.40619589e-02 6.41136009e-02 6.41652013e-02 6.42167603e-02
 6.42682780e-02 6.43197543e-02 6.43711895e-02 6.44225836e-02
 6.44739368e-02 6.45252491e-02 6.45765206e-02 6.46277515e-02
 6.46789418e-02 6.47300915e-02 6.47812010e-02 6.48322701e-02
 6.48832990e-02 6.49342878e-02 6.49852367e-02 6.50361456e-02
 6.50870147e-02 6.51378441e-02 6.51886338e-02 6.52393840e-02
 6.52900948e-02 6.53407662e-02 6.53913983e-02 6.54419913e-02
 6.54925452e-02 6.55430600e-02 6.55935360e-02 6.56439732e-02
 6.56943716e-02 6.57447314e-02 6.57950526e-02 6.58453354e-02
 6.58955799e-02 6.59457860e-02 6.59959539e-02 6.60460838e-02
 6.60961756e-02 6.61462295e-02 6.61962455e-02 6.62462238e-02
 6.62961644e-02 6.63460674e-02 6.63959329e-02 6.64457609e-02
 6.64955517e-02 6.65453052e-02 6.65950215e-02 6.66447007e-02
 6.66943429e-02 6.67439483e-02 6.67935167e-02 6.68430485e-02
 6.68925435e-02 6.69420019e-02 6.69914239e-02 6.70408094e-02
 6.70901585e-02 6.71394714e-02 6.71887481e-02 6.72379886e-02
 6.72871932e-02 6.73363617e-02 6.73854944e-02 6.74345913e-02
 6.74836525e-02 6.75326780e-02 6.75816680e-02 6.76306225e-02
 6.76795415e-02 6.77284253e-02 6.77772737e-02 6.78260870e-02
 6.78748652e-02 6.79236084e-02 6.79723166e-02 6.80209899e-02
 6.80696284e-02 6.81182322e-02 6.81668013e-02 6.82153359e-02
 6.82638359e-02 6.83123016e-02 6.83607328e-02 6.84091298e-02
 6.84574926e-02 6.85058212e-02 6.85541158e-02 6.86023763e-02
 6.86506029e-02 6.86987957e-02 6.87469547e-02 6.87950800e-02
 6.88431716e-02 6.88912296e-02 6.89392541e-02 6.89872452e-02
 6.90352030e-02 6.90831274e-02 6.91310186e-02 6.91788767e-02
 6.92267016e-02 6.92744936e-02 6.93222526e-02 6.93699787e-02
 6.94176720e-02 6.94653325e-02 6.95129604e-02 6.95605556e-02
 6.96081183e-02 6.96556485e-02 6.97031463e-02 6.97506118e-02
 6.97980450e-02 6.98454459e-02 6.98928148e-02 6.99401515e-02
 6.99874562e-02 7.00347290e-02 7.00819698e-02 7.01291789e-02
 7.01763562e-02 7.02235018e-02 7.02706158e-02 7.03176982e-02
 7.03647491e-02 7.04117686e-02 7.04587567e-02 7.05057134e-02
 7.05526390e-02 7.05995333e-02 7.06463966e-02 7.06932288e-02
 7.07400300e-02 7.07868002e-02 7.08335396e-02 7.08802482e-02
 7.09269260e-02 7.09735731e-02 7.10201896e-02 7.10667755e-02
 7.11133308e-02 7.11598557e-02 7.12063502e-02 7.12528144e-02
 7.12992483e-02 7.13456520e-02 7.13920255e-02 7.14383689e-02
 7.14846822e-02 7.15309656e-02 7.15772190e-02 7.16234425e-02
 7.16696363e-02 7.17158003e-02 7.17619345e-02 7.18080392e-02
 7.18541143e-02 7.19001598e-02 7.19461758e-02 7.19921625e-02
 7.20381198e-02 7.20840478e-02 7.21299465e-02 7.21758161e-02
 7.22216565e-02 7.22674678e-02 7.23132501e-02 7.23590035e-02
 7.24047279e-02 7.24504235e-02 7.24960903e-02 7.25417283e-02
 7.25873377e-02 7.26329184e-02 7.26784705e-02 7.27239941e-02
 7.27694892e-02 7.28149559e-02 7.28603942e-02 7.29058042e-02
 7.29511860e-02 7.29965395e-02 7.30418649e-02 7.30871622e-02
 7.31324314e-02 7.31776726e-02 7.32228859e-02 7.32680713e-02
 7.33132288e-02 7.33583585e-02 7.34034605e-02 7.34485348e-02
 7.34935814e-02 7.35386004e-02 7.35835919e-02 7.36285559e-02
 7.36734925e-02 7.37184016e-02 7.37632834e-02 7.38081380e-02
 7.38529652e-02 7.38977653e-02 7.39425382e-02 7.39872841e-02
 7.40320029e-02 7.40766947e-02 7.41213595e-02 7.41659975e-02
 7.42106086e-02 7.42551929e-02 7.42997504e-02 7.43442812e-02
 7.43887854e-02 7.44332630e-02 7.44777140e-02 7.45221385e-02
 7.45665365e-02 7.46109081e-02 7.46552533e-02 7.46995722e-02
 7.47438649e-02 7.47881313e-02 7.48323715e-02 7.48765856e-02
 7.49207735e-02 7.49649355e-02 7.50090714e-02 7.50531814e-02
 7.50972655e-02 7.51413237e-02 7.51853561e-02 7.52293628e-02
 7.52733437e-02 7.53172990e-02 7.53612286e-02 7.54051326e-02
 7.54490111e-02 7.54928640e-02 7.55366915e-02 7.55804936e-02
 7.56242703e-02 7.56680217e-02 7.57117478e-02 7.57554487e-02
 7.57991243e-02 7.58427748e-02 7.58864003e-02 7.59300006e-02
 7.59735759e-02 7.60171262e-02 7.60606516e-02 7.61041521e-02
 7.61476278e-02 7.61910786e-02 7.62345047e-02 7.62779061e-02
 7.63212827e-02 7.63646348e-02 7.64079622e-02 7.64512651e-02
 7.64945434e-02 7.65377973e-02 7.65810268e-02 7.66242319e-02
 7.66674126e-02 7.67105690e-02 7.67537012e-02 7.67968091e-02
 7.68398928e-02 7.68829524e-02 7.69259879e-02 7.69689994e-02
 7.70119868e-02 7.70549502e-02 7.70978897e-02 7.71408053e-02
 7.71836970e-02 7.72265650e-02 7.72694091e-02 7.73122295e-02
 7.73550262e-02 7.73977992e-02 7.74405486e-02 7.74832745e-02
 7.75259768e-02 7.75686555e-02 7.76113108e-02 7.76539427e-02
 7.76965512e-02 7.77391363e-02 7.77816981e-02 7.78242366e-02
 7.78667519e-02 7.79092440e-02 7.79517129e-02 7.79941587e-02
 7.80365814e-02 7.80789811e-02 7.81213578e-02 7.81637114e-02
 7.82060422e-02 7.82483500e-02 7.82906350e-02 7.83328971e-02
 7.83751365e-02 7.84173531e-02 7.84595469e-02 7.85017181e-02
 7.85438667e-02 7.85859927e-02 7.86280960e-02 7.86701769e-02
 7.87122352e-02 7.87542711e-02 7.87962846e-02 7.88382757e-02
 7.88802444e-02 7.89221908e-02 7.89641149e-02 7.90060168e-02
 7.90478965e-02 7.90897540e-02 7.91315893e-02 7.91734026e-02
 7.92151938e-02 7.92569629e-02 7.92987101e-02 7.93404352e-02
 7.93821385e-02 7.94238199e-02 7.94654794e-02 7.95071170e-02
 7.95487329e-02 7.95903270e-02 7.96318994e-02 7.96734501e-02
 7.97149791e-02 7.97564866e-02 7.97979724e-02 7.98394366e-02
 7.98808794e-02 7.99223006e-02 7.99637004e-02 8.00050788e-02
 8.00464358e-02 8.00877714e-02 8.01290857e-02 8.01703787e-02
 8.02116505e-02 8.02529010e-02 8.02941303e-02 8.03353385e-02
 8.03765255e-02 8.04176915e-02 8.04588364e-02 8.04999602e-02
 8.05410631e-02 8.05821450e-02 8.06232059e-02 8.06642460e-02
 8.07052652e-02 8.07462635e-02 8.07872411e-02 8.08281978e-02
 8.08691339e-02 8.09100492e-02 8.09509438e-02 8.09918178e-02
 8.10326712e-02 8.10735039e-02 8.11143162e-02 8.11551079e-02
 8.11958791e-02 8.12366298e-02 8.12773602e-02 8.13180701e-02]"
